"Statistic Label","Month","Airports in Ireland","Country","Direction","Flight Type","UNIT","VALUE"
"Passengers","2023 January","Dublin","All Countries","Arrival","Scheduled","Thousand","1056.4"
"Passengers","2023 January","Dublin","All Countries","Departure","Scheduled","Thousand","1014.5"
"Passengers","2023 January","Dublin","Ireland (domestic)","Arrival","Scheduled","Thousand","5.7"
"Passengers","2023 January","Dublin","Ireland (domestic)","Departure","Scheduled","Thousand","3.7"
"Passengers","2023 January","Dublin","Austria","Arrival","Scheduled","Thousand","8.7"
"Passengers","2023 January","Dublin","Austria","Departure","Scheduled","Thousand","7.9"
"Passengers","2023 January","Dublin","Belgium","Arrival","Scheduled","Thousand","17.4"
"Passengers","2023 January","Dublin","Belgium","Departure","Scheduled","Thousand","16.9"
"Passengers","2023 January","Dublin","Bulgaria","Arrival","Scheduled","Thousand","6.1"
"Passengers","2023 January","Dublin","Bulgaria","Departure","Scheduled","Thousand","5.4"
"Passengers","2023 January","Dublin","Croatia","Arrival","Scheduled","Thousand","3.1"
"Passengers","2023 January","Dublin","Croatia","Departure","Scheduled","Thousand","2.7"
"Passengers","2023 January","Dublin","Cyprus","Arrival","Scheduled","Thousand","0.8"
"Passengers","2023 January","Dublin","Cyprus","Departure","Scheduled","Thousand","0.7"
"Passengers","2023 January","Dublin","Czechia","Arrival","Scheduled","Thousand","8.1"
"Passengers","2023 January","Dublin","Czechia","Departure","Scheduled","Thousand","7.5"
"Passengers","2023 January","Dublin","Denmark","Arrival","Scheduled","Thousand","8.6"
"Passengers","2023 January","Dublin","Denmark","Departure","Scheduled","Thousand","8.3"
"Passengers","2023 January","Dublin","Estonia","Arrival","Scheduled","Thousand","1.5"
"Passengers","2023 January","Dublin","Estonia","Departure","Scheduled","Thousand","1.4"
"Passengers","2023 January","Dublin","Finland","Arrival","Scheduled","Thousand","5.1"
"Passengers","2023 January","Dublin","Finland","Departure","Scheduled","Thousand","4.8"
"Passengers","2023 January","Dublin","France","Arrival","Scheduled","Thousand","72.4"
"Passengers","2023 January","Dublin","France","Departure","Scheduled","Thousand","66.2"
"Passengers","2023 January","Dublin","Germany","Arrival","Scheduled","Thousand","63.8"
"Passengers","2023 January","Dublin","Germany","Departure","Scheduled","Thousand","59.8"
"Passengers","2023 January","Dublin","Greece","Arrival","Scheduled","Thousand","2.2"
"Passengers","2023 January","Dublin","Greece","Departure","Scheduled","Thousand","2"
"Passengers","2023 January","Dublin","Hungary","Arrival","Scheduled","Thousand","8.6"
"Passengers","2023 January","Dublin","Hungary","Departure","Scheduled","Thousand","7.7"
"Passengers","2023 January","Dublin","Italy","Arrival","Scheduled","Thousand","52.6"
"Passengers","2023 January","Dublin","Italy","Departure","Scheduled","Thousand","47.6"
"Passengers","2023 January","Dublin","Latvia","Arrival","Scheduled","Thousand","4.6"
"Passengers","2023 January","Dublin","Latvia","Departure","Scheduled","Thousand","4.4"
"Passengers","2023 January","Dublin","Lithuania","Arrival","Scheduled","Thousand","10.1"
"Passengers","2023 January","Dublin","Lithuania","Departure","Scheduled","Thousand","8.8"
"Passengers","2023 January","Dublin","Luxembourg","Arrival","Scheduled","Thousand","3.5"
"Passengers","2023 January","Dublin","Luxembourg","Departure","Scheduled","Thousand","3.5"
"Passengers","2023 January","Dublin","Malta","Arrival","Scheduled","Thousand","2.5"
"Passengers","2023 January","Dublin","Malta","Departure","Scheduled","Thousand","2.6"
"Passengers","2023 January","Dublin","Netherlands","Arrival","Scheduled","Thousand","44.8"
"Passengers","2023 January","Dublin","Netherlands","Departure","Scheduled","Thousand","44.9"
"Passengers","2023 January","Dublin","Poland","Arrival","Scheduled","Thousand","40.8"
"Passengers","2023 January","Dublin","Poland","Departure","Scheduled","Thousand","33.9"
"Passengers","2023 January","Dublin","Portugal","Arrival","Scheduled","Thousand","33.1"
"Passengers","2023 January","Dublin","Portugal","Departure","Scheduled","Thousand","27.8"
"Passengers","2023 January","Dublin","Romania","Arrival","Scheduled","Thousand","17.2"
"Passengers","2023 January","Dublin","Romania","Departure","Scheduled","Thousand","10.9"
"Passengers","2023 January","Dublin","Slovakia","Arrival","Scheduled","Thousand","5.1"
"Passengers","2023 January","Dublin","Slovakia","Departure","Scheduled","Thousand","4.4"
"Passengers","2023 January","Dublin","Slovenia","Arrival","Scheduled","Thousand","0"
"Passengers","2023 January","Dublin","Slovenia","Departure","Scheduled","Thousand","0"
"Passengers","2023 January","Dublin","Spain","Arrival","Scheduled","Thousand","85.2"
"Passengers","2023 January","Dublin","Spain","Departure","Scheduled","Thousand","73.5"
"Passengers","2023 January","Dublin","Canary Islands","Arrival","Scheduled","Thousand","42.7"
"Passengers","2023 January","Dublin","Canary Islands","Departure","Scheduled","Thousand","40"
"Passengers","2023 January","Dublin","Sweden","Arrival","Scheduled","Thousand","2.9"
"Passengers","2023 January","Dublin","Sweden","Departure","Scheduled","Thousand","3.2"
"Passengers","2023 January","Dublin","EU27 excl Ireland 2020","Arrival","Scheduled","Thousand","551.5"
"Passengers","2023 January","Dublin","EU27 excl Ireland 2020","Departure","Scheduled","Thousand","496.9"
"Passengers","2023 January","Dublin","United Kingdom (1)","Arrival","Scheduled","Thousand","321.8"
"Passengers","2023 January","Dublin","United Kingdom (1)","Departure","Scheduled","Thousand","335.4"
"Passengers","2023 January","Dublin","England","Arrival","Scheduled","Thousand","276.4"
"Passengers","2023 January","Dublin","England","Departure","Scheduled","Thousand","288.6"
"Passengers","2023 January","Dublin","Northern Ireland","Arrival","Scheduled","Thousand","0"
"Passengers","2023 January","Dublin","Northern Ireland","Departure","Scheduled","Thousand","0"
"Passengers","2023 January","Dublin","Scotland","Arrival","Scheduled","Thousand","42"
"Passengers","2023 January","Dublin","Scotland","Departure","Scheduled","Thousand","43.1"
"Passengers","2023 January","Dublin","Wales","Arrival","Scheduled","Thousand","2.4"
"Passengers","2023 January","Dublin","Wales","Departure","Scheduled","Thousand","2.6"
"Passengers","2023 January","Dublin","Other UK (1)","Arrival","Scheduled","Thousand","1"
"Passengers","2023 January","Dublin","Other UK (1)","Departure","Scheduled","Thousand","1.2"
"Passengers","2023 January","Dublin","Iceland","Arrival","Scheduled","Thousand","5.5"
"Passengers","2023 January","Dublin","Iceland","Departure","Scheduled","Thousand","5.3"
"Passengers","2023 January","Dublin","Norway","Arrival","Scheduled","Thousand","1.8"
"Passengers","2023 January","Dublin","Norway","Departure","Scheduled","Thousand","2"
"Passengers","2023 January","Dublin","Russia","Arrival","Scheduled","Thousand","0"
"Passengers","2023 January","Dublin","Russia","Departure","Scheduled","Thousand","0"
"Passengers","2023 January","Dublin","Serbia","Arrival","Scheduled","Thousand","0"
"Passengers","2023 January","Dublin","Serbia","Departure","Scheduled","Thousand","0"
"Passengers","2023 January","Dublin","Switzerland","Arrival","Scheduled","Thousand","16.4"
"Passengers","2023 January","Dublin","Switzerland","Departure","Scheduled","Thousand","16.3"
"Passengers","2023 January","Dublin","Turkiye","Arrival","Scheduled","Thousand","13.6"
"Passengers","2023 January","Dublin","Turkiye","Departure","Scheduled","Thousand","12.4"
"Passengers","2023 January","Dublin","Other Europe (3)","Arrival","Scheduled","Thousand","7.4"
"Passengers","2023 January","Dublin","Other Europe (3)","Departure","Scheduled","Thousand","3.5"
"Passengers","2023 January","Dublin","Europe (48 Countries)","Arrival","Scheduled","Thousand","923.7"
"Passengers","2023 January","Dublin","Europe (48 Countries)","Departure","Scheduled","Thousand","875.6"
"Passengers","2023 January","Dublin","America","Arrival","Scheduled","Thousand","87"
"Passengers","2023 January","Dublin","America","Departure","Scheduled","Thousand","94.5"
"Passengers","2023 January","Dublin","Canada","Arrival","Scheduled","Thousand","9.3"
"Passengers","2023 January","Dublin","Canada","Departure","Scheduled","Thousand","9.8"
"Passengers","2023 January","Dublin","United States","Arrival","Scheduled","Thousand","77.7"
"Passengers","2023 January","Dublin","United States","Departure","Scheduled","Thousand","84.7"
"Passengers","2023 January","Dublin","Other America (5)","Arrival","Scheduled","Thousand","0"
"Passengers","2023 January","Dublin","Other America (5)","Departure","Scheduled","Thousand","0"
"Passengers","2023 January","Dublin","Africa (9)","Arrival","Scheduled","Thousand","5.5"
"Passengers","2023 January","Dublin","Africa (9)","Departure","Scheduled","Thousand","4.7"
"Passengers","2023 January","Dublin","Eygpt","Arrival","Scheduled","Thousand","2"
"Passengers","2023 January","Dublin","Eygpt","Departure","Scheduled","Thousand","1.4"
"Passengers","2023 January","Dublin","Morocco","Arrival","Scheduled","Thousand","3.5"
"Passengers","2023 January","Dublin","Morocco","Departure","Scheduled","Thousand","3.3"
"Passengers","2023 January","Dublin","Tunisia","Arrival","Scheduled","Thousand","0"
"Passengers","2023 January","Dublin","Tunisia","Departure","Scheduled","Thousand","0"
"Passengers","2023 January","Dublin","Other Africa (6)","Arrival","Scheduled","Thousand","0"
"Passengers","2023 January","Dublin","Other Africa (6)","Departure","Scheduled","Thousand","0"
"Passengers","2023 January","Dublin","Asia (8)","Arrival","Scheduled","Thousand","40.1"
"Passengers","2023 January","Dublin","Asia (8)","Departure","Scheduled","Thousand","39.7"
"Passengers","2023 January","Dublin","Bahrain","Arrival","Scheduled","Thousand","0"
"Passengers","2023 January","Dublin","Bahrain","Departure","Scheduled","Thousand","0"
"Passengers","2023 January","Dublin","Israel","Arrival","Scheduled","Thousand","0"
"Passengers","2023 January","Dublin","Israel","Departure","Scheduled","Thousand","0"
"Passengers","2023 January","Dublin","United Arab Emirates","Arrival","Scheduled","Thousand","28.1"
"Passengers","2023 January","Dublin","United Arab Emirates","Departure","Scheduled","Thousand","27.8"
"Passengers","2023 January","Dublin","Other Asian countries (4)","Arrival","Scheduled","Thousand","12.1"
"Passengers","2023 January","Dublin","Other Asian countries (4)","Departure","Scheduled","Thousand","11.9"
"Passengers","2023 January","Dublin","Oceania and Polar regions (1)","Arrival","Scheduled","Thousand","0"
"Passengers","2023 January","Dublin","Oceania and Polar regions (1)","Departure","Scheduled","Thousand","0"
"Passengers","2023 February","Dublin","All Countries","Arrival","Scheduled","Thousand","1006.3"
"Passengers","2023 February","Dublin","All Countries","Departure","Scheduled","Thousand","994"
"Passengers","2023 February","Dublin","Ireland (domestic)","Arrival","Scheduled","Thousand","6.2"
"Passengers","2023 February","Dublin","Ireland (domestic)","Departure","Scheduled","Thousand","4.7"
"Passengers","2023 February","Dublin","Austria","Arrival","Scheduled","Thousand","8.6"
"Passengers","2023 February","Dublin","Austria","Departure","Scheduled","Thousand","8.4"
"Passengers","2023 February","Dublin","Belgium","Arrival","Scheduled","Thousand","17.1"
"Passengers","2023 February","Dublin","Belgium","Departure","Scheduled","Thousand","16.5"
"Passengers","2023 February","Dublin","Bulgaria","Arrival","Scheduled","Thousand","5.2"
"Passengers","2023 February","Dublin","Bulgaria","Departure","Scheduled","Thousand","5.1"
"Passengers","2023 February","Dublin","Croatia","Arrival","Scheduled","Thousand","2.2"
"Passengers","2023 February","Dublin","Croatia","Departure","Scheduled","Thousand","2.2"
"Passengers","2023 February","Dublin","Cyprus","Arrival","Scheduled","Thousand","0.6"
"Passengers","2023 February","Dublin","Cyprus","Departure","Scheduled","Thousand","0.7"
"Passengers","2023 February","Dublin","Czechia","Arrival","Scheduled","Thousand","7.3"
"Passengers","2023 February","Dublin","Czechia","Departure","Scheduled","Thousand","7.2"
"Passengers","2023 February","Dublin","Denmark","Arrival","Scheduled","Thousand","8.5"
"Passengers","2023 February","Dublin","Denmark","Departure","Scheduled","Thousand","8.7"
"Passengers","2023 February","Dublin","Estonia","Arrival","Scheduled","Thousand","1.3"
"Passengers","2023 February","Dublin","Estonia","Departure","Scheduled","Thousand","1.3"
"Passengers","2023 February","Dublin","Finland","Arrival","Scheduled","Thousand","4.2"
"Passengers","2023 February","Dublin","Finland","Departure","Scheduled","Thousand","3.9"
"Passengers","2023 February","Dublin","France","Arrival","Scheduled","Thousand","69.1"
"Passengers","2023 February","Dublin","France","Departure","Scheduled","Thousand","66.9"
"Passengers","2023 February","Dublin","Germany","Arrival","Scheduled","Thousand","59.7"
"Passengers","2023 February","Dublin","Germany","Departure","Scheduled","Thousand","58.7"
"Passengers","2023 February","Dublin","Greece","Arrival","Scheduled","Thousand","1.4"
"Passengers","2023 February","Dublin","Greece","Departure","Scheduled","Thousand","1.4"
"Passengers","2023 February","Dublin","Hungary","Arrival","Scheduled","Thousand","7"
"Passengers","2023 February","Dublin","Hungary","Departure","Scheduled","Thousand","7.1"
"Passengers","2023 February","Dublin","Italy","Arrival","Scheduled","Thousand","49.8"
"Passengers","2023 February","Dublin","Italy","Departure","Scheduled","Thousand","50.4"
"Passengers","2023 February","Dublin","Latvia","Arrival","Scheduled","Thousand","3.7"
"Passengers","2023 February","Dublin","Latvia","Departure","Scheduled","Thousand","3.6"
"Passengers","2023 February","Dublin","Lithuania","Arrival","Scheduled","Thousand","8.5"
"Passengers","2023 February","Dublin","Lithuania","Departure","Scheduled","Thousand","8.5"
"Passengers","2023 February","Dublin","Luxembourg","Arrival","Scheduled","Thousand","3.5"
"Passengers","2023 February","Dublin","Luxembourg","Departure","Scheduled","Thousand","3.5"
"Passengers","2023 February","Dublin","Malta","Arrival","Scheduled","Thousand","2.1"
"Passengers","2023 February","Dublin","Malta","Departure","Scheduled","Thousand","2.1"
"Passengers","2023 February","Dublin","Netherlands","Arrival","Scheduled","Thousand","44.3"
"Passengers","2023 February","Dublin","Netherlands","Departure","Scheduled","Thousand","41.3"
"Passengers","2023 February","Dublin","Poland","Arrival","Scheduled","Thousand","33.6"
"Passengers","2023 February","Dublin","Poland","Departure","Scheduled","Thousand","33"
"Passengers","2023 February","Dublin","Portugal","Arrival","Scheduled","Thousand","30.5"
"Passengers","2023 February","Dublin","Portugal","Departure","Scheduled","Thousand","32"
"Passengers","2023 February","Dublin","Romania","Arrival","Scheduled","Thousand","12.3"
"Passengers","2023 February","Dublin","Romania","Departure","Scheduled","Thousand","11.1"
"Passengers","2023 February","Dublin","Slovakia","Arrival","Scheduled","Thousand","4.3"
"Passengers","2023 February","Dublin","Slovakia","Departure","Scheduled","Thousand","4.1"
"Passengers","2023 February","Dublin","Slovenia","Arrival","Scheduled","Thousand","0"
"Passengers","2023 February","Dublin","Slovenia","Departure","Scheduled","Thousand","0"
"Passengers","2023 February","Dublin","Spain","Arrival","Scheduled","Thousand","75.9"
"Passengers","2023 February","Dublin","Spain","Departure","Scheduled","Thousand","76.6"
"Passengers","2023 February","Dublin","Canary Islands","Arrival","Scheduled","Thousand","37.2"
"Passengers","2023 February","Dublin","Canary Islands","Departure","Scheduled","Thousand","36.7"
"Passengers","2023 February","Dublin","Sweden","Arrival","Scheduled","Thousand","3.3"
"Passengers","2023 February","Dublin","Sweden","Departure","Scheduled","Thousand","3.3"
"Passengers","2023 February","Dublin","EU27 excl Ireland 2020","Arrival","Scheduled","Thousand","501.3"
"Passengers","2023 February","Dublin","EU27 excl Ireland 2020","Departure","Scheduled","Thousand","494.6"
"Passengers","2023 February","Dublin","United Kingdom (1)","Arrival","Scheduled","Thousand","347.3"
"Passengers","2023 February","Dublin","United Kingdom (1)","Departure","Scheduled","Thousand","345.8"
"Passengers","2023 February","Dublin","England","Arrival","Scheduled","Thousand","298.6"
"Passengers","2023 February","Dublin","England","Departure","Scheduled","Thousand","297.9"
"Passengers","2023 February","Dublin","Northern Ireland","Arrival","Scheduled","Thousand","1.2"
"Passengers","2023 February","Dublin","Northern Ireland","Departure","Scheduled","Thousand","0"
"Passengers","2023 February","Dublin","Scotland","Arrival","Scheduled","Thousand","42.5"
"Passengers","2023 February","Dublin","Scotland","Departure","Scheduled","Thousand","42.7"
"Passengers","2023 February","Dublin","Wales","Arrival","Scheduled","Thousand","4"
"Passengers","2023 February","Dublin","Wales","Departure","Scheduled","Thousand","4"
"Passengers","2023 February","Dublin","Other UK (1)","Arrival","Scheduled","Thousand","1"
"Passengers","2023 February","Dublin","Other UK (1)","Departure","Scheduled","Thousand","1.2"
"Passengers","2023 February","Dublin","Iceland","Arrival","Scheduled","Thousand","5.4"
"Passengers","2023 February","Dublin","Iceland","Departure","Scheduled","Thousand","5.5"
"Passengers","2023 February","Dublin","Norway","Arrival","Scheduled","Thousand","2.6"
"Passengers","2023 February","Dublin","Norway","Departure","Scheduled","Thousand","2.7"
"Passengers","2023 February","Dublin","Russia","Arrival","Scheduled","Thousand","0"
"Passengers","2023 February","Dublin","Russia","Departure","Scheduled","Thousand","0"
"Passengers","2023 February","Dublin","Serbia","Arrival","Scheduled","Thousand","0"
"Passengers","2023 February","Dublin","Serbia","Departure","Scheduled","Thousand","0"
"Passengers","2023 February","Dublin","Switzerland","Arrival","Scheduled","Thousand","16.5"
"Passengers","2023 February","Dublin","Switzerland","Departure","Scheduled","Thousand","16.7"
"Passengers","2023 February","Dublin","Turkiye","Arrival","Scheduled","Thousand","10.6"
"Passengers","2023 February","Dublin","Turkiye","Departure","Scheduled","Thousand","9.9"
"Passengers","2023 February","Dublin","Other Europe (3)","Arrival","Scheduled","Thousand","4.6"
"Passengers","2023 February","Dublin","Other Europe (3)","Departure","Scheduled","Thousand","3.2"
"Passengers","2023 February","Dublin","Europe (48 Countries)","Arrival","Scheduled","Thousand","894.5"
"Passengers","2023 February","Dublin","Europe (48 Countries)","Departure","Scheduled","Thousand","883.1"
"Passengers","2023 February","Dublin","America","Arrival","Scheduled","Thousand","72.4"
"Passengers","2023 February","Dublin","America","Departure","Scheduled","Thousand","74"
"Passengers","2023 February","Dublin","Canada","Arrival","Scheduled","Thousand","9"
"Passengers","2023 February","Dublin","Canada","Departure","Scheduled","Thousand","9.2"
"Passengers","2023 February","Dublin","United States","Arrival","Scheduled","Thousand","63.4"
"Passengers","2023 February","Dublin","United States","Departure","Scheduled","Thousand","64.8"
"Passengers","2023 February","Dublin","Other America (5)","Arrival","Scheduled","Thousand","0"
"Passengers","2023 February","Dublin","Other America (5)","Departure","Scheduled","Thousand","0"
"Passengers","2023 February","Dublin","Africa (9)","Arrival","Scheduled","Thousand","4.3"
"Passengers","2023 February","Dublin","Africa (9)","Departure","Scheduled","Thousand","4.2"
"Passengers","2023 February","Dublin","Eygpt","Arrival","Scheduled","Thousand","1.5"
"Passengers","2023 February","Dublin","Eygpt","Departure","Scheduled","Thousand","1.5"
"Passengers","2023 February","Dublin","Morocco","Arrival","Scheduled","Thousand","2.7"
"Passengers","2023 February","Dublin","Morocco","Departure","Scheduled","Thousand","2.7"
"Passengers","2023 February","Dublin","Tunisia","Arrival","Scheduled","Thousand","0"
"Passengers","2023 February","Dublin","Tunisia","Departure","Scheduled","Thousand","0"
"Passengers","2023 February","Dublin","Other Africa (6)","Arrival","Scheduled","Thousand","0"
"Passengers","2023 February","Dublin","Other Africa (6)","Departure","Scheduled","Thousand","0"
"Passengers","2023 February","Dublin","Asia (8)","Arrival","Scheduled","Thousand","35.2"
"Passengers","2023 February","Dublin","Asia (8)","Departure","Scheduled","Thousand","32.7"
"Passengers","2023 February","Dublin","Bahrain","Arrival","Scheduled","Thousand","0"
"Passengers","2023 February","Dublin","Bahrain","Departure","Scheduled","Thousand","0"
"Passengers","2023 February","Dublin","Israel","Arrival","Scheduled","Thousand","0"
"Passengers","2023 February","Dublin","Israel","Departure","Scheduled","Thousand","0"
"Passengers","2023 February","Dublin","United Arab Emirates","Arrival","Scheduled","Thousand","24.4"
"Passengers","2023 February","Dublin","United Arab Emirates","Departure","Scheduled","Thousand","23.6"
"Passengers","2023 February","Dublin","Other Asian countries (4)","Arrival","Scheduled","Thousand","10.8"
"Passengers","2023 February","Dublin","Other Asian countries (4)","Departure","Scheduled","Thousand","9.1"
"Passengers","2023 February","Dublin","Oceania and Polar regions (1)","Arrival","Scheduled","Thousand","0"
"Passengers","2023 February","Dublin","Oceania and Polar regions (1)","Departure","Scheduled","Thousand","0"
"Passengers","2023 March","Dublin","All Countries","Arrival","Scheduled","Thousand","1219.3"
"Passengers","2023 March","Dublin","All Countries","Departure","Scheduled","Thousand","1225.6"
"Passengers","2023 March","Dublin","Ireland (domestic)","Arrival","Scheduled","Thousand","4.6"
"Passengers","2023 March","Dublin","Ireland (domestic)","Departure","Scheduled","Thousand","4.3"
"Passengers","2023 March","Dublin","Austria","Arrival","Scheduled","Thousand","10.4"
"Passengers","2023 March","Dublin","Austria","Departure","Scheduled","Thousand","10.1"
"Passengers","2023 March","Dublin","Belgium","Arrival","Scheduled","Thousand","20.3"
"Passengers","2023 March","Dublin","Belgium","Departure","Scheduled","Thousand","20.2"
"Passengers","2023 March","Dublin","Bulgaria","Arrival","Scheduled","Thousand","5"
"Passengers","2023 March","Dublin","Bulgaria","Departure","Scheduled","Thousand","4.8"
"Passengers","2023 March","Dublin","Croatia","Arrival","Scheduled","Thousand","3"
"Passengers","2023 March","Dublin","Croatia","Departure","Scheduled","Thousand","3.9"
"Passengers","2023 March","Dublin","Cyprus","Arrival","Scheduled","Thousand","0.9"
"Passengers","2023 March","Dublin","Cyprus","Departure","Scheduled","Thousand","1.1"
"Passengers","2023 March","Dublin","Czechia","Arrival","Scheduled","Thousand","8.4"
"Passengers","2023 March","Dublin","Czechia","Departure","Scheduled","Thousand","8.4"
"Passengers","2023 March","Dublin","Denmark","Arrival","Scheduled","Thousand","10.9"
"Passengers","2023 March","Dublin","Denmark","Departure","Scheduled","Thousand","11"
"Passengers","2023 March","Dublin","Estonia","Arrival","Scheduled","Thousand","1.2"
"Passengers","2023 March","Dublin","Estonia","Departure","Scheduled","Thousand","1.3"
"Passengers","2023 March","Dublin","Finland","Arrival","Scheduled","Thousand","4.6"
"Passengers","2023 March","Dublin","Finland","Departure","Scheduled","Thousand","4.5"
"Passengers","2023 March","Dublin","France","Arrival","Scheduled","Thousand","76.7"
"Passengers","2023 March","Dublin","France","Departure","Scheduled","Thousand","81.2"
"Passengers","2023 March","Dublin","Germany","Arrival","Scheduled","Thousand","76.4"
"Passengers","2023 March","Dublin","Germany","Departure","Scheduled","Thousand","74.2"
"Passengers","2023 March","Dublin","Greece","Arrival","Scheduled","Thousand","3"
"Passengers","2023 March","Dublin","Greece","Departure","Scheduled","Thousand","4.1"
"Passengers","2023 March","Dublin","Hungary","Arrival","Scheduled","Thousand","9.3"
"Passengers","2023 March","Dublin","Hungary","Departure","Scheduled","Thousand","9.5"
"Passengers","2023 March","Dublin","Italy","Arrival","Scheduled","Thousand","60.1"
"Passengers","2023 March","Dublin","Italy","Departure","Scheduled","Thousand","62.6"
"Passengers","2023 March","Dublin","Latvia","Arrival","Scheduled","Thousand","4"
"Passengers","2023 March","Dublin","Latvia","Departure","Scheduled","Thousand","4"
"Passengers","2023 March","Dublin","Lithuania","Arrival","Scheduled","Thousand","8.5"
"Passengers","2023 March","Dublin","Lithuania","Departure","Scheduled","Thousand","8.7"
"Passengers","2023 March","Dublin","Luxembourg","Arrival","Scheduled","Thousand","4.2"
"Passengers","2023 March","Dublin","Luxembourg","Departure","Scheduled","Thousand","4.1"
"Passengers","2023 March","Dublin","Malta","Arrival","Scheduled","Thousand","2.3"
"Passengers","2023 March","Dublin","Malta","Departure","Scheduled","Thousand","2.3"
"Passengers","2023 March","Dublin","Netherlands","Arrival","Scheduled","Thousand","50.9"
"Passengers","2023 March","Dublin","Netherlands","Departure","Scheduled","Thousand","52.1"
"Passengers","2023 March","Dublin","Poland","Arrival","Scheduled","Thousand","36.3"
"Passengers","2023 March","Dublin","Poland","Departure","Scheduled","Thousand","36.5"
"Passengers","2023 March","Dublin","Portugal","Arrival","Scheduled","Thousand","40.2"
"Passengers","2023 March","Dublin","Portugal","Departure","Scheduled","Thousand","44.1"
"Passengers","2023 March","Dublin","Romania","Arrival","Scheduled","Thousand","12.5"
"Passengers","2023 March","Dublin","Romania","Departure","Scheduled","Thousand","12.8"
"Passengers","2023 March","Dublin","Slovakia","Arrival","Scheduled","Thousand","4.2"
"Passengers","2023 March","Dublin","Slovakia","Departure","Scheduled","Thousand","4.1"
"Passengers","2023 March","Dublin","Slovenia","Arrival","Scheduled","Thousand","0"
"Passengers","2023 March","Dublin","Slovenia","Departure","Scheduled","Thousand","0"
"Passengers","2023 March","Dublin","Spain","Arrival","Scheduled","Thousand","95.2"
"Passengers","2023 March","Dublin","Spain","Departure","Scheduled","Thousand","104.6"
"Passengers","2023 March","Dublin","Canary Islands","Arrival","Scheduled","Thousand","39.4"
"Passengers","2023 March","Dublin","Canary Islands","Departure","Scheduled","Thousand","40.7"
"Passengers","2023 March","Dublin","Sweden","Arrival","Scheduled","Thousand","4.8"
"Passengers","2023 March","Dublin","Sweden","Departure","Scheduled","Thousand","4.9"
"Passengers","2023 March","Dublin","EU27 excl Ireland 2020","Arrival","Scheduled","Thousand","592.6"
"Passengers","2023 March","Dublin","EU27 excl Ireland 2020","Departure","Scheduled","Thousand","615.7"
"Passengers","2023 March","Dublin","United Kingdom (1)","Arrival","Scheduled","Thousand","394.4"
"Passengers","2023 March","Dublin","United Kingdom (1)","Departure","Scheduled","Thousand","384.9"
"Passengers","2023 March","Dublin","England","Arrival","Scheduled","Thousand","340.4"
"Passengers","2023 March","Dublin","England","Departure","Scheduled","Thousand","330.7"
"Passengers","2023 March","Dublin","Northern Ireland","Arrival","Scheduled","Thousand","0"
"Passengers","2023 March","Dublin","Northern Ireland","Departure","Scheduled","Thousand","0"
"Passengers","2023 March","Dublin","Scotland","Arrival","Scheduled","Thousand","49.8"
"Passengers","2023 March","Dublin","Scotland","Departure","Scheduled","Thousand","49.8"
"Passengers","2023 March","Dublin","Wales","Arrival","Scheduled","Thousand","2.8"
"Passengers","2023 March","Dublin","Wales","Departure","Scheduled","Thousand","2.9"
"Passengers","2023 March","Dublin","Other UK (1)","Arrival","Scheduled","Thousand","1.5"
"Passengers","2023 March","Dublin","Other UK (1)","Departure","Scheduled","Thousand","1.5"
"Passengers","2023 March","Dublin","Iceland","Arrival","Scheduled","Thousand","7.1"
"Passengers","2023 March","Dublin","Iceland","Departure","Scheduled","Thousand","6.9"
"Passengers","2023 March","Dublin","Norway","Arrival","Scheduled","Thousand","3.5"
"Passengers","2023 March","Dublin","Norway","Departure","Scheduled","Thousand","3.5"
"Passengers","2023 March","Dublin","Russia","Arrival","Scheduled","Thousand","0"
"Passengers","2023 March","Dublin","Russia","Departure","Scheduled","Thousand","0"
"Passengers","2023 March","Dublin","Serbia","Arrival","Scheduled","Thousand","0"
"Passengers","2023 March","Dublin","Serbia","Departure","Scheduled","Thousand","0"
"Passengers","2023 March","Dublin","Switzerland","Arrival","Scheduled","Thousand","19.3"
"Passengers","2023 March","Dublin","Switzerland","Departure","Scheduled","Thousand","18.4"
"Passengers","2023 March","Dublin","Turkiye","Arrival","Scheduled","Thousand","11.9"
"Passengers","2023 March","Dublin","Turkiye","Departure","Scheduled","Thousand","12.6"
"Passengers","2023 March","Dublin","Other Europe (3)","Arrival","Scheduled","Thousand","3.5"
"Passengers","2023 March","Dublin","Other Europe (3)","Departure","Scheduled","Thousand","3.7"
"Passengers","2023 March","Dublin","Europe (48 Countries)","Arrival","Scheduled","Thousand","1036.9"
"Passengers","2023 March","Dublin","Europe (48 Countries)","Departure","Scheduled","Thousand","1050"
"Passengers","2023 March","Dublin","America","Arrival","Scheduled","Thousand","136.2"
"Passengers","2023 March","Dublin","America","Departure","Scheduled","Thousand","135.3"
"Passengers","2023 March","Dublin","Canada","Arrival","Scheduled","Thousand","12.3"
"Passengers","2023 March","Dublin","Canada","Departure","Scheduled","Thousand","13.1"
"Passengers","2023 March","Dublin","United States","Arrival","Scheduled","Thousand","123.9"
"Passengers","2023 March","Dublin","United States","Departure","Scheduled","Thousand","122.2"
"Passengers","2023 March","Dublin","Other America (5)","Arrival","Scheduled","Thousand","0"
"Passengers","2023 March","Dublin","Other America (5)","Departure","Scheduled","Thousand","0"
"Passengers","2023 March","Dublin","Africa (9)","Arrival","Scheduled","Thousand","4.7"
"Passengers","2023 March","Dublin","Africa (9)","Departure","Scheduled","Thousand","4.7"
"Passengers","2023 March","Dublin","Eygpt","Arrival","Scheduled","Thousand","1.7"
"Passengers","2023 March","Dublin","Eygpt","Departure","Scheduled","Thousand","1.7"
"Passengers","2023 March","Dublin","Morocco","Arrival","Scheduled","Thousand","3"
"Passengers","2023 March","Dublin","Morocco","Departure","Scheduled","Thousand","3"
"Passengers","2023 March","Dublin","Tunisia","Arrival","Scheduled","Thousand","0"
"Passengers","2023 March","Dublin","Tunisia","Departure","Scheduled","Thousand","0"
"Passengers","2023 March","Dublin","Other Africa (6)","Arrival","Scheduled","Thousand","0"
"Passengers","2023 March","Dublin","Other Africa (6)","Departure","Scheduled","Thousand","0"
"Passengers","2023 March","Dublin","Asia (8)","Arrival","Scheduled","Thousand","41.6"
"Passengers","2023 March","Dublin","Asia (8)","Departure","Scheduled","Thousand","35.6"
"Passengers","2023 March","Dublin","Bahrain","Arrival","Scheduled","Thousand","0"
"Passengers","2023 March","Dublin","Bahrain","Departure","Scheduled","Thousand","0"
"Passengers","2023 March","Dublin","Israel","Arrival","Scheduled","Thousand","0.8"
"Passengers","2023 March","Dublin","Israel","Departure","Scheduled","Thousand","0.6"
"Passengers","2023 March","Dublin","United Arab Emirates","Arrival","Scheduled","Thousand","28.3"
"Passengers","2023 March","Dublin","United Arab Emirates","Departure","Scheduled","Thousand","25"
"Passengers","2023 March","Dublin","Other Asian countries (4)","Arrival","Scheduled","Thousand","12.5"
"Passengers","2023 March","Dublin","Other Asian countries (4)","Departure","Scheduled","Thousand","9.9"
"Passengers","2023 March","Dublin","Oceania and Polar regions (1)","Arrival","Scheduled","Thousand","0"
"Passengers","2023 March","Dublin","Oceania and Polar regions (1)","Departure","Scheduled","Thousand","0"
"Passengers","2023 April","Dublin","All Countries","Arrival","Scheduled","Thousand","1411.5"
"Passengers","2023 April","Dublin","All Countries","Departure","Scheduled","Thousand","1391"
"Passengers","2023 April","Dublin","Ireland (domestic)","Arrival","Scheduled","Thousand","6.6"
"Passengers","2023 April","Dublin","Ireland (domestic)","Departure","Scheduled","Thousand","5.4"
"Passengers","2023 April","Dublin","Austria","Arrival","Scheduled","Thousand","8.4"
"Passengers","2023 April","Dublin","Austria","Departure","Scheduled","Thousand","8.2"
"Passengers","2023 April","Dublin","Belgium","Arrival","Scheduled","Thousand","23.3"
"Passengers","2023 April","Dublin","Belgium","Departure","Scheduled","Thousand","21.8"
"Passengers","2023 April","Dublin","Bulgaria","Arrival","Scheduled","Thousand","1.5"
"Passengers","2023 April","Dublin","Bulgaria","Departure","Scheduled","Thousand","1.7"
"Passengers","2023 April","Dublin","Croatia","Arrival","Scheduled","Thousand","10"
"Passengers","2023 April","Dublin","Croatia","Departure","Scheduled","Thousand","10.8"
"Passengers","2023 April","Dublin","Cyprus","Arrival","Scheduled","Thousand","1.4"
"Passengers","2023 April","Dublin","Cyprus","Departure","Scheduled","Thousand","1.4"
"Passengers","2023 April","Dublin","Czechia","Arrival","Scheduled","Thousand","7.2"
"Passengers","2023 April","Dublin","Czechia","Departure","Scheduled","Thousand","7.2"
"Passengers","2023 April","Dublin","Denmark","Arrival","Scheduled","Thousand","14.9"
"Passengers","2023 April","Dublin","Denmark","Departure","Scheduled","Thousand","15"
"Passengers","2023 April","Dublin","Estonia","Arrival","Scheduled","Thousand","0"
"Passengers","2023 April","Dublin","Estonia","Departure","Scheduled","Thousand","0"
"Passengers","2023 April","Dublin","Finland","Arrival","Scheduled","Thousand","3"
"Passengers","2023 April","Dublin","Finland","Departure","Scheduled","Thousand","2.9"
"Passengers","2023 April","Dublin","France","Arrival","Scheduled","Thousand","98"
"Passengers","2023 April","Dublin","France","Departure","Scheduled","Thousand","91.7"
"Passengers","2023 April","Dublin","Germany","Arrival","Scheduled","Thousand","90.3"
"Passengers","2023 April","Dublin","Germany","Departure","Scheduled","Thousand","87.9"
"Passengers","2023 April","Dublin","Greece","Arrival","Scheduled","Thousand","11.2"
"Passengers","2023 April","Dublin","Greece","Departure","Scheduled","Thousand","13.1"
"Passengers","2023 April","Dublin","Hungary","Arrival","Scheduled","Thousand","8"
"Passengers","2023 April","Dublin","Hungary","Departure","Scheduled","Thousand","8"
"Passengers","2023 April","Dublin","Italy","Arrival","Scheduled","Thousand","81.5"
"Passengers","2023 April","Dublin","Italy","Departure","Scheduled","Thousand","80.1"
"Passengers","2023 April","Dublin","Latvia","Arrival","Scheduled","Thousand","4.2"
"Passengers","2023 April","Dublin","Latvia","Departure","Scheduled","Thousand","4.3"
"Passengers","2023 April","Dublin","Lithuania","Arrival","Scheduled","Thousand","6.5"
"Passengers","2023 April","Dublin","Lithuania","Departure","Scheduled","Thousand","6.5"
"Passengers","2023 April","Dublin","Luxembourg","Arrival","Scheduled","Thousand","4.4"
"Passengers","2023 April","Dublin","Luxembourg","Departure","Scheduled","Thousand","4.2"
"Passengers","2023 April","Dublin","Malta","Arrival","Scheduled","Thousand","3"
"Passengers","2023 April","Dublin","Malta","Departure","Scheduled","Thousand","3.1"
"Passengers","2023 April","Dublin","Netherlands","Arrival","Scheduled","Thousand","54.2"
"Passengers","2023 April","Dublin","Netherlands","Departure","Scheduled","Thousand","50.9"
"Passengers","2023 April","Dublin","Poland","Arrival","Scheduled","Thousand","34.1"
"Passengers","2023 April","Dublin","Poland","Departure","Scheduled","Thousand","33.4"
"Passengers","2023 April","Dublin","Portugal","Arrival","Scheduled","Thousand","61.2"
"Passengers","2023 April","Dublin","Portugal","Departure","Scheduled","Thousand","60.7"
"Passengers","2023 April","Dublin","Romania","Arrival","Scheduled","Thousand","12.7"
"Passengers","2023 April","Dublin","Romania","Departure","Scheduled","Thousand","13.3"
"Passengers","2023 April","Dublin","Slovakia","Arrival","Scheduled","Thousand","3.3"
"Passengers","2023 April","Dublin","Slovakia","Departure","Scheduled","Thousand","3.3"
"Passengers","2023 April","Dublin","Slovenia","Arrival","Scheduled","Thousand","0"
"Passengers","2023 April","Dublin","Slovenia","Departure","Scheduled","Thousand","0"
"Passengers","2023 April","Dublin","Spain","Arrival","Scheduled","Thousand","151.9"
"Passengers","2023 April","Dublin","Spain","Departure","Scheduled","Thousand","155"
"Passengers","2023 April","Dublin","Canary Islands","Arrival","Scheduled","Thousand","41"
"Passengers","2023 April","Dublin","Canary Islands","Departure","Scheduled","Thousand","40.3"
"Passengers","2023 April","Dublin","Sweden","Arrival","Scheduled","Thousand","8.4"
"Passengers","2023 April","Dublin","Sweden","Departure","Scheduled","Thousand","8.1"
"Passengers","2023 April","Dublin","EU27 excl Ireland 2020","Arrival","Scheduled","Thousand","743.6"
"Passengers","2023 April","Dublin","EU27 excl Ireland 2020","Departure","Scheduled","Thousand","732.8"
"Passengers","2023 April","Dublin","United Kingdom (1)","Arrival","Scheduled","Thousand","405.4"
"Passengers","2023 April","Dublin","United Kingdom (1)","Departure","Scheduled","Thousand","406.9"
"Passengers","2023 April","Dublin","England","Arrival","Scheduled","Thousand","344.3"
"Passengers","2023 April","Dublin","England","Departure","Scheduled","Thousand","345.1"
"Passengers","2023 April","Dublin","Northern Ireland","Arrival","Scheduled","Thousand","0"
"Passengers","2023 April","Dublin","Northern Ireland","Departure","Scheduled","Thousand","0"
"Passengers","2023 April","Dublin","Scotland","Arrival","Scheduled","Thousand","54.4"
"Passengers","2023 April","Dublin","Scotland","Departure","Scheduled","Thousand","54.5"
"Passengers","2023 April","Dublin","Wales","Arrival","Scheduled","Thousand","3.8"
"Passengers","2023 April","Dublin","Wales","Departure","Scheduled","Thousand","4"
"Passengers","2023 April","Dublin","Other UK (1)","Arrival","Scheduled","Thousand","3"
"Passengers","2023 April","Dublin","Other UK (1)","Departure","Scheduled","Thousand","3.2"
"Passengers","2023 April","Dublin","Iceland","Arrival","Scheduled","Thousand","7.2"
"Passengers","2023 April","Dublin","Iceland","Departure","Scheduled","Thousand","6.7"
"Passengers","2023 April","Dublin","Norway","Arrival","Scheduled","Thousand","4.2"
"Passengers","2023 April","Dublin","Norway","Departure","Scheduled","Thousand","4.3"
"Passengers","2023 April","Dublin","Russia","Arrival","Scheduled","Thousand","0"
"Passengers","2023 April","Dublin","Russia","Departure","Scheduled","Thousand","0"
"Passengers","2023 April","Dublin","Serbia","Arrival","Scheduled","Thousand","0"
"Passengers","2023 April","Dublin","Serbia","Departure","Scheduled","Thousand","0"
"Passengers","2023 April","Dublin","Switzerland","Arrival","Scheduled","Thousand","19.4"
"Passengers","2023 April","Dublin","Switzerland","Departure","Scheduled","Thousand","17.6"
"Passengers","2023 April","Dublin","Turkiye","Arrival","Scheduled","Thousand","16.6"
"Passengers","2023 April","Dublin","Turkiye","Departure","Scheduled","Thousand","17.6"
"Passengers","2023 April","Dublin","Other Europe (3)","Arrival","Scheduled","Thousand","4.6"
"Passengers","2023 April","Dublin","Other Europe (3)","Departure","Scheduled","Thousand","5.8"
"Passengers","2023 April","Dublin","Europe (48 Countries)","Arrival","Scheduled","Thousand","1207.5"
"Passengers","2023 April","Dublin","Europe (48 Countries)","Departure","Scheduled","Thousand","1197.1"
"Passengers","2023 April","Dublin","America","Arrival","Scheduled","Thousand","156.8"
"Passengers","2023 April","Dublin","America","Departure","Scheduled","Thousand","153"
"Passengers","2023 April","Dublin","Canada","Arrival","Scheduled","Thousand","16.5"
"Passengers","2023 April","Dublin","Canada","Departure","Scheduled","Thousand","16.5"
"Passengers","2023 April","Dublin","United States","Arrival","Scheduled","Thousand","140.3"
"Passengers","2023 April","Dublin","United States","Departure","Scheduled","Thousand","136.6"
"Passengers","2023 April","Dublin","Other America (5)","Arrival","Scheduled","Thousand","0"
"Passengers","2023 April","Dublin","Other America (5)","Departure","Scheduled","Thousand","0"
"Passengers","2023 April","Dublin","Africa (9)","Arrival","Scheduled","Thousand","4.8"
"Passengers","2023 April","Dublin","Africa (9)","Departure","Scheduled","Thousand","4.9"
"Passengers","2023 April","Dublin","Eygpt","Arrival","Scheduled","Thousand","1.9"
"Passengers","2023 April","Dublin","Eygpt","Departure","Scheduled","Thousand","1.9"
"Passengers","2023 April","Dublin","Morocco","Arrival","Scheduled","Thousand","3"
"Passengers","2023 April","Dublin","Morocco","Departure","Scheduled","Thousand","3"
"Passengers","2023 April","Dublin","Tunisia","Arrival","Scheduled","Thousand","0"
"Passengers","2023 April","Dublin","Tunisia","Departure","Scheduled","Thousand","0"
"Passengers","2023 April","Dublin","Other Africa (6)","Arrival","Scheduled","Thousand","0"
"Passengers","2023 April","Dublin","Other Africa (6)","Departure","Scheduled","Thousand","0"
"Passengers","2023 April","Dublin","Asia (8)","Arrival","Scheduled","Thousand","42.3"
"Passengers","2023 April","Dublin","Asia (8)","Departure","Scheduled","Thousand","36"
"Passengers","2023 April","Dublin","Bahrain","Arrival","Scheduled","Thousand","0"
"Passengers","2023 April","Dublin","Bahrain","Departure","Scheduled","Thousand","0"
"Passengers","2023 April","Dublin","Israel","Arrival","Scheduled","Thousand","1.4"
"Passengers","2023 April","Dublin","Israel","Departure","Scheduled","Thousand","1.4"
"Passengers","2023 April","Dublin","United Arab Emirates","Arrival","Scheduled","Thousand","28.8"
"Passengers","2023 April","Dublin","United Arab Emirates","Departure","Scheduled","Thousand","24.6"
"Passengers","2023 April","Dublin","Other Asian countries (4)","Arrival","Scheduled","Thousand","12"
"Passengers","2023 April","Dublin","Other Asian countries (4)","Departure","Scheduled","Thousand","10"
"Passengers","2023 April","Dublin","Oceania and Polar regions (1)","Arrival","Scheduled","Thousand","0"
"Passengers","2023 April","Dublin","Oceania and Polar regions (1)","Departure","Scheduled","Thousand","0"
"Passengers","2023 May","Dublin","All Countries","Arrival","Scheduled","Thousand","1491.4"
"Passengers","2023 May","Dublin","All Countries","Departure","Scheduled","Thousand","1510.4"
"Passengers","2023 May","Dublin","Ireland (domestic)","Arrival","Scheduled","Thousand","7.4"
"Passengers","2023 May","Dublin","Ireland (domestic)","Departure","Scheduled","Thousand","6"
"Passengers","2023 May","Dublin","Austria","Arrival","Scheduled","Thousand","8.9"
"Passengers","2023 May","Dublin","Austria","Departure","Scheduled","Thousand","8.7"
"Passengers","2023 May","Dublin","Belgium","Arrival","Scheduled","Thousand","22.9"
"Passengers","2023 May","Dublin","Belgium","Departure","Scheduled","Thousand","23.9"
"Passengers","2023 May","Dublin","Bulgaria","Arrival","Scheduled","Thousand","4.5"
"Passengers","2023 May","Dublin","Bulgaria","Departure","Scheduled","Thousand","5.2"
"Passengers","2023 May","Dublin","Croatia","Arrival","Scheduled","Thousand","15.6"
"Passengers","2023 May","Dublin","Croatia","Departure","Scheduled","Thousand","17.4"
"Passengers","2023 May","Dublin","Cyprus","Arrival","Scheduled","Thousand","1.6"
"Passengers","2023 May","Dublin","Cyprus","Departure","Scheduled","Thousand","1.7"
"Passengers","2023 May","Dublin","Czechia","Arrival","Scheduled","Thousand","7"
"Passengers","2023 May","Dublin","Czechia","Departure","Scheduled","Thousand","7.4"
"Passengers","2023 May","Dublin","Denmark","Arrival","Scheduled","Thousand","14.7"
"Passengers","2023 May","Dublin","Denmark","Departure","Scheduled","Thousand","15.5"
"Passengers","2023 May","Dublin","Estonia","Arrival","Scheduled","Thousand","0"
"Passengers","2023 May","Dublin","Estonia","Departure","Scheduled","Thousand","0"
"Passengers","2023 May","Dublin","Finland","Arrival","Scheduled","Thousand","3"
"Passengers","2023 May","Dublin","Finland","Departure","Scheduled","Thousand","3.2"
"Passengers","2023 May","Dublin","France","Arrival","Scheduled","Thousand","99.4"
"Passengers","2023 May","Dublin","France","Departure","Scheduled","Thousand","111.6"
"Passengers","2023 May","Dublin","Germany","Arrival","Scheduled","Thousand","88.2"
"Passengers","2023 May","Dublin","Germany","Departure","Scheduled","Thousand","90.2"
"Passengers","2023 May","Dublin","Greece","Arrival","Scheduled","Thousand","17.9"
"Passengers","2023 May","Dublin","Greece","Departure","Scheduled","Thousand","21.1"
"Passengers","2023 May","Dublin","Hungary","Arrival","Scheduled","Thousand","7.9"
"Passengers","2023 May","Dublin","Hungary","Departure","Scheduled","Thousand","8.1"
"Passengers","2023 May","Dublin","Italy","Arrival","Scheduled","Thousand","84"
"Passengers","2023 May","Dublin","Italy","Departure","Scheduled","Thousand","92.2"
"Passengers","2023 May","Dublin","Latvia","Arrival","Scheduled","Thousand","4.3"
"Passengers","2023 May","Dublin","Latvia","Departure","Scheduled","Thousand","4.5"
"Passengers","2023 May","Dublin","Lithuania","Arrival","Scheduled","Thousand","6.6"
"Passengers","2023 May","Dublin","Lithuania","Departure","Scheduled","Thousand","6.8"
"Passengers","2023 May","Dublin","Luxembourg","Arrival","Scheduled","Thousand","4.2"
"Passengers","2023 May","Dublin","Luxembourg","Departure","Scheduled","Thousand","4.6"
"Passengers","2023 May","Dublin","Malta","Arrival","Scheduled","Thousand","3.2"
"Passengers","2023 May","Dublin","Malta","Departure","Scheduled","Thousand","3.3"
"Passengers","2023 May","Dublin","Netherlands","Arrival","Scheduled","Thousand","52.3"
"Passengers","2023 May","Dublin","Netherlands","Departure","Scheduled","Thousand","55.8"
"Passengers","2023 May","Dublin","Poland","Arrival","Scheduled","Thousand","34.8"
"Passengers","2023 May","Dublin","Poland","Departure","Scheduled","Thousand","35.3"
"Passengers","2023 May","Dublin","Portugal","Arrival","Scheduled","Thousand","70.1"
"Passengers","2023 May","Dublin","Portugal","Departure","Scheduled","Thousand","74.8"
"Passengers","2023 May","Dublin","Romania","Arrival","Scheduled","Thousand","13.1"
"Passengers","2023 May","Dublin","Romania","Departure","Scheduled","Thousand","12.3"
"Passengers","2023 May","Dublin","Slovakia","Arrival","Scheduled","Thousand","3.3"
"Passengers","2023 May","Dublin","Slovakia","Departure","Scheduled","Thousand","3.3"
"Passengers","2023 May","Dublin","Slovenia","Arrival","Scheduled","Thousand","0"
"Passengers","2023 May","Dublin","Slovenia","Departure","Scheduled","Thousand","0"
"Passengers","2023 May","Dublin","Spain","Arrival","Scheduled","Thousand","163.7"
"Passengers","2023 May","Dublin","Spain","Departure","Scheduled","Thousand","174.8"
"Passengers","2023 May","Dublin","Canary Islands","Arrival","Scheduled","Thousand","39.2"
"Passengers","2023 May","Dublin","Canary Islands","Departure","Scheduled","Thousand","40.7"
"Passengers","2023 May","Dublin","Sweden","Arrival","Scheduled","Thousand","9"
"Passengers","2023 May","Dublin","Sweden","Departure","Scheduled","Thousand","9.8"
"Passengers","2023 May","Dublin","EU27 excl Ireland 2020","Arrival","Scheduled","Thousand","779.3"
"Passengers","2023 May","Dublin","EU27 excl Ireland 2020","Departure","Scheduled","Thousand","832.1"
"Passengers","2023 May","Dublin","United Kingdom (1)","Arrival","Scheduled","Thousand","403"
"Passengers","2023 May","Dublin","United Kingdom (1)","Departure","Scheduled","Thousand","391"
"Passengers","2023 May","Dublin","England","Arrival","Scheduled","Thousand","339"
"Passengers","2023 May","Dublin","England","Departure","Scheduled","Thousand","329.5"
"Passengers","2023 May","Dublin","Northern Ireland","Arrival","Scheduled","Thousand","0"
"Passengers","2023 May","Dublin","Northern Ireland","Departure","Scheduled","Thousand","0"
"Passengers","2023 May","Dublin","Scotland","Arrival","Scheduled","Thousand","57.8"
"Passengers","2023 May","Dublin","Scotland","Departure","Scheduled","Thousand","55.1"
"Passengers","2023 May","Dublin","Wales","Arrival","Scheduled","Thousand","3.3"
"Passengers","2023 May","Dublin","Wales","Departure","Scheduled","Thousand","3.3"
"Passengers","2023 May","Dublin","Other UK (1)","Arrival","Scheduled","Thousand","2.9"
"Passengers","2023 May","Dublin","Other UK (1)","Departure","Scheduled","Thousand","3"
"Passengers","2023 May","Dublin","Iceland","Arrival","Scheduled","Thousand","7.2"
"Passengers","2023 May","Dublin","Iceland","Departure","Scheduled","Thousand","7.5"
"Passengers","2023 May","Dublin","Norway","Arrival","Scheduled","Thousand","5.6"
"Passengers","2023 May","Dublin","Norway","Departure","Scheduled","Thousand","6.2"
"Passengers","2023 May","Dublin","Russia","Arrival","Scheduled","Thousand","0"
"Passengers","2023 May","Dublin","Russia","Departure","Scheduled","Thousand","0"
"Passengers","2023 May","Dublin","Serbia","Arrival","Scheduled","Thousand","0"
"Passengers","2023 May","Dublin","Serbia","Departure","Scheduled","Thousand","0"
"Passengers","2023 May","Dublin","Switzerland","Arrival","Scheduled","Thousand","18.2"
"Passengers","2023 May","Dublin","Switzerland","Departure","Scheduled","Thousand","19.2"
"Passengers","2023 May","Dublin","Turkiye","Arrival","Scheduled","Thousand","17.2"
"Passengers","2023 May","Dublin","Turkiye","Departure","Scheduled","Thousand","17.6"
"Passengers","2023 May","Dublin","Other Europe (3)","Arrival","Scheduled","Thousand","4.5"
"Passengers","2023 May","Dublin","Other Europe (3)","Departure","Scheduled","Thousand","4.1"
"Passengers","2023 May","Dublin","Europe (48 Countries)","Arrival","Scheduled","Thousand","1242.4"
"Passengers","2023 May","Dublin","Europe (48 Countries)","Departure","Scheduled","Thousand","1283.4"
"Passengers","2023 May","Dublin","America","Arrival","Scheduled","Thousand","201.8"
"Passengers","2023 May","Dublin","America","Departure","Scheduled","Thousand","187"
"Passengers","2023 May","Dublin","Canada","Arrival","Scheduled","Thousand","24"
"Passengers","2023 May","Dublin","Canada","Departure","Scheduled","Thousand","24.4"
"Passengers","2023 May","Dublin","United States","Arrival","Scheduled","Thousand","177.8"
"Passengers","2023 May","Dublin","United States","Departure","Scheduled","Thousand","162.6"
"Passengers","2023 May","Dublin","Other America (5)","Arrival","Scheduled","Thousand","0"
"Passengers","2023 May","Dublin","Other America (5)","Departure","Scheduled","Thousand","0"
"Passengers","2023 May","Dublin","Africa (9)","Arrival","Scheduled","Thousand","5"
"Passengers","2023 May","Dublin","Africa (9)","Departure","Scheduled","Thousand","4.6"
"Passengers","2023 May","Dublin","Eygpt","Arrival","Scheduled","Thousand","1.8"
"Passengers","2023 May","Dublin","Eygpt","Departure","Scheduled","Thousand","1.3"
"Passengers","2023 May","Dublin","Morocco","Arrival","Scheduled","Thousand","3.2"
"Passengers","2023 May","Dublin","Morocco","Departure","Scheduled","Thousand","3.2"
"Passengers","2023 May","Dublin","Tunisia","Arrival","Scheduled","Thousand","0"
"Passengers","2023 May","Dublin","Tunisia","Departure","Scheduled","Thousand","0"
"Passengers","2023 May","Dublin","Other Africa (6)","Arrival","Scheduled","Thousand","0"
"Passengers","2023 May","Dublin","Other Africa (6)","Departure","Scheduled","Thousand","0"
"Passengers","2023 May","Dublin","Asia (8)","Arrival","Scheduled","Thousand","42.3"
"Passengers","2023 May","Dublin","Asia (8)","Departure","Scheduled","Thousand","35.4"
"Passengers","2023 May","Dublin","Bahrain","Arrival","Scheduled","Thousand","0"
"Passengers","2023 May","Dublin","Bahrain","Departure","Scheduled","Thousand","0"
"Passengers","2023 May","Dublin","Israel","Arrival","Scheduled","Thousand","1.6"
"Passengers","2023 May","Dublin","Israel","Departure","Scheduled","Thousand","1.6"
"Passengers","2023 May","Dublin","United Arab Emirates","Arrival","Scheduled","Thousand","28.4"
"Passengers","2023 May","Dublin","United Arab Emirates","Departure","Scheduled","Thousand","23.6"
"Passengers","2023 May","Dublin","Other Asian countries (4)","Arrival","Scheduled","Thousand","12.4"
"Passengers","2023 May","Dublin","Other Asian countries (4)","Departure","Scheduled","Thousand","10.2"
"Passengers","2023 May","Dublin","Oceania and Polar regions (1)","Arrival","Scheduled","Thousand","0"
"Passengers","2023 May","Dublin","Oceania and Polar regions (1)","Departure","Scheduled","Thousand","0"
"Passengers","2023 June","Dublin","All Countries","Arrival","Scheduled","Thousand","1547.7"
"Passengers","2023 June","Dublin","All Countries","Departure","Scheduled","Thousand","1631.3"
"Passengers","2023 June","Dublin","Ireland (domestic)","Arrival","Scheduled","Thousand","7.4"
"Passengers","2023 June","Dublin","Ireland (domestic)","Departure","Scheduled","Thousand","6.3"
"Passengers","2023 June","Dublin","Austria","Arrival","Scheduled","Thousand","8.5"
"Passengers","2023 June","Dublin","Austria","Departure","Scheduled","Thousand","8.9"
"Passengers","2023 June","Dublin","Belgium","Arrival","Scheduled","Thousand","21.7"
"Passengers","2023 June","Dublin","Belgium","Departure","Scheduled","Thousand","23.4"
"Passengers","2023 June","Dublin","Bulgaria","Arrival","Scheduled","Thousand","4.9"
"Passengers","2023 June","Dublin","Bulgaria","Departure","Scheduled","Thousand","5.3"
"Passengers","2023 June","Dublin","Croatia","Arrival","Scheduled","Thousand","18.7"
"Passengers","2023 June","Dublin","Croatia","Departure","Scheduled","Thousand","19.9"
"Passengers","2023 June","Dublin","Cyprus","Arrival","Scheduled","Thousand","1.6"
"Passengers","2023 June","Dublin","Cyprus","Departure","Scheduled","Thousand","1.7"
"Passengers","2023 June","Dublin","Czechia","Arrival","Scheduled","Thousand","6.9"
"Passengers","2023 June","Dublin","Czechia","Departure","Scheduled","Thousand","7.6"
"Passengers","2023 June","Dublin","Denmark","Arrival","Scheduled","Thousand","15.7"
"Passengers","2023 June","Dublin","Denmark","Departure","Scheduled","Thousand","16.8"
"Passengers","2023 June","Dublin","Estonia","Arrival","Scheduled","Thousand","0"
"Passengers","2023 June","Dublin","Estonia","Departure","Scheduled","Thousand","0"
"Passengers","2023 June","Dublin","Finland","Arrival","Scheduled","Thousand","3.1"
"Passengers","2023 June","Dublin","Finland","Departure","Scheduled","Thousand","3.3"
"Passengers","2023 June","Dublin","France","Arrival","Scheduled","Thousand","106.3"
"Passengers","2023 June","Dublin","France","Departure","Scheduled","Thousand","118.3"
"Passengers","2023 June","Dublin","Germany","Arrival","Scheduled","Thousand","85.3"
"Passengers","2023 June","Dublin","Germany","Departure","Scheduled","Thousand","95.1"
"Passengers","2023 June","Dublin","Greece","Arrival","Scheduled","Thousand","21.7"
"Passengers","2023 June","Dublin","Greece","Departure","Scheduled","Thousand","22.9"
"Passengers","2023 June","Dublin","Hungary","Arrival","Scheduled","Thousand","7.9"
"Passengers","2023 June","Dublin","Hungary","Departure","Scheduled","Thousand","8.3"
"Passengers","2023 June","Dublin","Italy","Arrival","Scheduled","Thousand","92.1"
"Passengers","2023 June","Dublin","Italy","Departure","Scheduled","Thousand","94.7"
"Passengers","2023 June","Dublin","Latvia","Arrival","Scheduled","Thousand","4"
"Passengers","2023 June","Dublin","Latvia","Departure","Scheduled","Thousand","4.3"
"Passengers","2023 June","Dublin","Lithuania","Arrival","Scheduled","Thousand","5.9"
"Passengers","2023 June","Dublin","Lithuania","Departure","Scheduled","Thousand","6.3"
"Passengers","2023 June","Dublin","Luxembourg","Arrival","Scheduled","Thousand","4.3"
"Passengers","2023 June","Dublin","Luxembourg","Departure","Scheduled","Thousand","4.7"
"Passengers","2023 June","Dublin","Malta","Arrival","Scheduled","Thousand","3.2"
"Passengers","2023 June","Dublin","Malta","Departure","Scheduled","Thousand","3.2"
"Passengers","2023 June","Dublin","Netherlands","Arrival","Scheduled","Thousand","52.5"
"Passengers","2023 June","Dublin","Netherlands","Departure","Scheduled","Thousand","56.9"
"Passengers","2023 June","Dublin","Poland","Arrival","Scheduled","Thousand","32"
"Passengers","2023 June","Dublin","Poland","Departure","Scheduled","Thousand","33.5"
"Passengers","2023 June","Dublin","Portugal","Arrival","Scheduled","Thousand","72.4"
"Passengers","2023 June","Dublin","Portugal","Departure","Scheduled","Thousand","75.6"
"Passengers","2023 June","Dublin","Romania","Arrival","Scheduled","Thousand","12.2"
"Passengers","2023 June","Dublin","Romania","Departure","Scheduled","Thousand","14.2"
"Passengers","2023 June","Dublin","Slovakia","Arrival","Scheduled","Thousand","2.9"
"Passengers","2023 June","Dublin","Slovakia","Departure","Scheduled","Thousand","3"
"Passengers","2023 June","Dublin","Slovenia","Arrival","Scheduled","Thousand","0"
"Passengers","2023 June","Dublin","Slovenia","Departure","Scheduled","Thousand","0"
"Passengers","2023 June","Dublin","Spain","Arrival","Scheduled","Thousand","174.5"
"Passengers","2023 June","Dublin","Spain","Departure","Scheduled","Thousand","181.3"
"Passengers","2023 June","Dublin","Canary Islands","Arrival","Scheduled","Thousand","40.1"
"Passengers","2023 June","Dublin","Canary Islands","Departure","Scheduled","Thousand","41.7"
"Passengers","2023 June","Dublin","Sweden","Arrival","Scheduled","Thousand","10.3"
"Passengers","2023 June","Dublin","Sweden","Departure","Scheduled","Thousand","10"
"Passengers","2023 June","Dublin","EU27 excl Ireland 2020","Arrival","Scheduled","Thousand","808.7"
"Passengers","2023 June","Dublin","EU27 excl Ireland 2020","Departure","Scheduled","Thousand","860.9"
"Passengers","2023 June","Dublin","United Kingdom (1)","Arrival","Scheduled","Thousand","401.8"
"Passengers","2023 June","Dublin","United Kingdom (1)","Departure","Scheduled","Thousand","430.4"
"Passengers","2023 June","Dublin","England","Arrival","Scheduled","Thousand","335.6"
"Passengers","2023 June","Dublin","England","Departure","Scheduled","Thousand","364.4"
"Passengers","2023 June","Dublin","Northern Ireland","Arrival","Scheduled","Thousand","0"
"Passengers","2023 June","Dublin","Northern Ireland","Departure","Scheduled","Thousand","0"
"Passengers","2023 June","Dublin","Scotland","Arrival","Scheduled","Thousand","58.3"
"Passengers","2023 June","Dublin","Scotland","Departure","Scheduled","Thousand","57.4"
"Passengers","2023 June","Dublin","Wales","Arrival","Scheduled","Thousand","3.7"
"Passengers","2023 June","Dublin","Wales","Departure","Scheduled","Thousand","4"
"Passengers","2023 June","Dublin","Other UK (1)","Arrival","Scheduled","Thousand","4.3"
"Passengers","2023 June","Dublin","Other UK (1)","Departure","Scheduled","Thousand","4.6"
"Passengers","2023 June","Dublin","Iceland","Arrival","Scheduled","Thousand","8.4"
"Passengers","2023 June","Dublin","Iceland","Departure","Scheduled","Thousand","9"
"Passengers","2023 June","Dublin","Norway","Arrival","Scheduled","Thousand","6"
"Passengers","2023 June","Dublin","Norway","Departure","Scheduled","Thousand","6.3"
"Passengers","2023 June","Dublin","Russia","Arrival","Scheduled","Thousand","0"
"Passengers","2023 June","Dublin","Russia","Departure","Scheduled","Thousand","0"
"Passengers","2023 June","Dublin","Serbia","Arrival","Scheduled","Thousand","0"
"Passengers","2023 June","Dublin","Serbia","Departure","Scheduled","Thousand","0"
"Passengers","2023 June","Dublin","Switzerland","Arrival","Scheduled","Thousand","18.9"
"Passengers","2023 June","Dublin","Switzerland","Departure","Scheduled","Thousand","21"
"Passengers","2023 June","Dublin","Turkiye","Arrival","Scheduled","Thousand","18.5"
"Passengers","2023 June","Dublin","Turkiye","Departure","Scheduled","Thousand","20.8"
"Passengers","2023 June","Dublin","Other Europe (3)","Arrival","Scheduled","Thousand","4.2"
"Passengers","2023 June","Dublin","Other Europe (3)","Departure","Scheduled","Thousand","5"
"Passengers","2023 June","Dublin","Europe (48 Countries)","Arrival","Scheduled","Thousand","1274"
"Passengers","2023 June","Dublin","Europe (48 Countries)","Departure","Scheduled","Thousand","1359.7"
"Passengers","2023 June","Dublin","America","Arrival","Scheduled","Thousand","224.1"
"Passengers","2023 June","Dublin","America","Departure","Scheduled","Thousand","219.3"
"Passengers","2023 June","Dublin","Canada","Arrival","Scheduled","Thousand","33.2"
"Passengers","2023 June","Dublin","Canada","Departure","Scheduled","Thousand","34.8"
"Passengers","2023 June","Dublin","United States","Arrival","Scheduled","Thousand","190.4"
"Passengers","2023 June","Dublin","United States","Departure","Scheduled","Thousand","183.4"
"Passengers","2023 June","Dublin","Other America (5)","Arrival","Scheduled","Thousand","0.5"
"Passengers","2023 June","Dublin","Other America (5)","Departure","Scheduled","Thousand","1.1"
"Passengers","2023 June","Dublin","Africa (9)","Arrival","Scheduled","Thousand","4.3"
"Passengers","2023 June","Dublin","Africa (9)","Departure","Scheduled","Thousand","5.2"
"Passengers","2023 June","Dublin","Eygpt","Arrival","Scheduled","Thousand","1.3"
"Passengers","2023 June","Dublin","Eygpt","Departure","Scheduled","Thousand","2"
"Passengers","2023 June","Dublin","Morocco","Arrival","Scheduled","Thousand","3"
"Passengers","2023 June","Dublin","Morocco","Departure","Scheduled","Thousand","3.2"
"Passengers","2023 June","Dublin","Tunisia","Arrival","Scheduled","Thousand","0"
"Passengers","2023 June","Dublin","Tunisia","Departure","Scheduled","Thousand","0"
"Passengers","2023 June","Dublin","Other Africa (6)","Arrival","Scheduled","Thousand","0"
"Passengers","2023 June","Dublin","Other Africa (6)","Departure","Scheduled","Thousand","0"
"Passengers","2023 June","Dublin","Asia (8)","Arrival","Scheduled","Thousand","45.3"
"Passengers","2023 June","Dublin","Asia (8)","Departure","Scheduled","Thousand","47.1"
"Passengers","2023 June","Dublin","Bahrain","Arrival","Scheduled","Thousand","0"
"Passengers","2023 June","Dublin","Bahrain","Departure","Scheduled","Thousand","0"
"Passengers","2023 June","Dublin","Israel","Arrival","Scheduled","Thousand","2"
"Passengers","2023 June","Dublin","Israel","Departure","Scheduled","Thousand","1.8"
"Passengers","2023 June","Dublin","United Arab Emirates","Arrival","Scheduled","Thousand","29.2"
"Passengers","2023 June","Dublin","United Arab Emirates","Departure","Scheduled","Thousand","30.2"
"Passengers","2023 June","Dublin","Other Asian countries (4)","Arrival","Scheduled","Thousand","14.1"
"Passengers","2023 June","Dublin","Other Asian countries (4)","Departure","Scheduled","Thousand","15.1"
"Passengers","2023 June","Dublin","Oceania and Polar regions (1)","Arrival","Scheduled","Thousand","0"
"Passengers","2023 June","Dublin","Oceania and Polar regions (1)","Departure","Scheduled","Thousand","0"
"Passengers","2023 July","Dublin","All Countries","Arrival","Scheduled","Thousand","1695.6"
"Passengers","2023 July","Dublin","All Countries","Departure","Scheduled","Thousand","1689.3"
"Passengers","2023 July","Dublin","Ireland (domestic)","Arrival","Scheduled","Thousand","8.3"
"Passengers","2023 July","Dublin","Ireland (domestic)","Departure","Scheduled","Thousand","7.4"
"Passengers","2023 July","Dublin","Austria","Arrival","Scheduled","Thousand","9.1"
"Passengers","2023 July","Dublin","Austria","Departure","Scheduled","Thousand","9.2"
"Passengers","2023 July","Dublin","Belgium","Arrival","Scheduled","Thousand","23.9"
"Passengers","2023 July","Dublin","Belgium","Departure","Scheduled","Thousand","22.3"
"Passengers","2023 July","Dublin","Bulgaria","Arrival","Scheduled","Thousand","6.3"
"Passengers","2023 July","Dublin","Bulgaria","Departure","Scheduled","Thousand","6.7"
"Passengers","2023 July","Dublin","Croatia","Arrival","Scheduled","Thousand","20"
"Passengers","2023 July","Dublin","Croatia","Departure","Scheduled","Thousand","20"
"Passengers","2023 July","Dublin","Cyprus","Arrival","Scheduled","Thousand","1.5"
"Passengers","2023 July","Dublin","Cyprus","Departure","Scheduled","Thousand","1.6"
"Passengers","2023 July","Dublin","Czechia","Arrival","Scheduled","Thousand","7.5"
"Passengers","2023 July","Dublin","Czechia","Departure","Scheduled","Thousand","7.8"
"Passengers","2023 July","Dublin","Denmark","Arrival","Scheduled","Thousand","14.9"
"Passengers","2023 July","Dublin","Denmark","Departure","Scheduled","Thousand","15"
"Passengers","2023 July","Dublin","Estonia","Arrival","Scheduled","Thousand","0"
"Passengers","2023 July","Dublin","Estonia","Departure","Scheduled","Thousand","0"
"Passengers","2023 July","Dublin","Finland","Arrival","Scheduled","Thousand","3.3"
"Passengers","2023 July","Dublin","Finland","Departure","Scheduled","Thousand","3.7"
"Passengers","2023 July","Dublin","France","Arrival","Scheduled","Thousand","126.5"
"Passengers","2023 July","Dublin","France","Departure","Scheduled","Thousand","117.2"
"Passengers","2023 July","Dublin","Germany","Arrival","Scheduled","Thousand","98.8"
"Passengers","2023 July","Dublin","Germany","Departure","Scheduled","Thousand","98.5"
"Passengers","2023 July","Dublin","Greece","Arrival","Scheduled","Thousand","23.2"
"Passengers","2023 July","Dublin","Greece","Departure","Scheduled","Thousand","24.4"
"Passengers","2023 July","Dublin","Hungary","Arrival","Scheduled","Thousand","8.7"
"Passengers","2023 July","Dublin","Hungary","Departure","Scheduled","Thousand","9.1"
"Passengers","2023 July","Dublin","Italy","Arrival","Scheduled","Thousand","101.9"
"Passengers","2023 July","Dublin","Italy","Departure","Scheduled","Thousand","98.8"
"Passengers","2023 July","Dublin","Latvia","Arrival","Scheduled","Thousand","5.5"
"Passengers","2023 July","Dublin","Latvia","Departure","Scheduled","Thousand","6"
"Passengers","2023 July","Dublin","Lithuania","Arrival","Scheduled","Thousand","6.9"
"Passengers","2023 July","Dublin","Lithuania","Departure","Scheduled","Thousand","7.3"
"Passengers","2023 July","Dublin","Luxembourg","Arrival","Scheduled","Thousand","5"
"Passengers","2023 July","Dublin","Luxembourg","Departure","Scheduled","Thousand","4.7"
"Passengers","2023 July","Dublin","Malta","Arrival","Scheduled","Thousand","3.4"
"Passengers","2023 July","Dublin","Malta","Departure","Scheduled","Thousand","3.4"
"Passengers","2023 July","Dublin","Netherlands","Arrival","Scheduled","Thousand","58.8"
"Passengers","2023 July","Dublin","Netherlands","Departure","Scheduled","Thousand","55.3"
"Passengers","2023 July","Dublin","Poland","Arrival","Scheduled","Thousand","33.7"
"Passengers","2023 July","Dublin","Poland","Departure","Scheduled","Thousand","34.4"
"Passengers","2023 July","Dublin","Portugal","Arrival","Scheduled","Thousand","77.3"
"Passengers","2023 July","Dublin","Portugal","Departure","Scheduled","Thousand","78.3"
"Passengers","2023 July","Dublin","Romania","Arrival","Scheduled","Thousand","12.2"
"Passengers","2023 July","Dublin","Romania","Departure","Scheduled","Thousand","15.9"
"Passengers","2023 July","Dublin","Slovakia","Arrival","Scheduled","Thousand","5"
"Passengers","2023 July","Dublin","Slovakia","Departure","Scheduled","Thousand","5.1"
"Passengers","2023 July","Dublin","Slovenia","Arrival","Scheduled","Thousand","0"
"Passengers","2023 July","Dublin","Slovenia","Departure","Scheduled","Thousand","0"
"Passengers","2023 July","Dublin","Spain","Arrival","Scheduled","Thousand","197.2"
"Passengers","2023 July","Dublin","Spain","Departure","Scheduled","Thousand","196.2"
"Passengers","2023 July","Dublin","Canary Islands","Arrival","Scheduled","Thousand","42"
"Passengers","2023 July","Dublin","Canary Islands","Departure","Scheduled","Thousand","44.6"
"Passengers","2023 July","Dublin","Sweden","Arrival","Scheduled","Thousand","11.7"
"Passengers","2023 July","Dublin","Sweden","Departure","Scheduled","Thousand","11.9"
"Passengers","2023 July","Dublin","EU27 excl Ireland 2020","Arrival","Scheduled","Thousand","904.2"
"Passengers","2023 July","Dublin","EU27 excl Ireland 2020","Departure","Scheduled","Thousand","897.3"
"Passengers","2023 July","Dublin","United Kingdom (1)","Arrival","Scheduled","Thousand","457"
"Passengers","2023 July","Dublin","United Kingdom (1)","Departure","Scheduled","Thousand","426.5"
"Passengers","2023 July","Dublin","England","Arrival","Scheduled","Thousand","385.2"
"Passengers","2023 July","Dublin","England","Departure","Scheduled","Thousand","358.6"
"Passengers","2023 July","Dublin","Northern Ireland","Arrival","Scheduled","Thousand","0.4"
"Passengers","2023 July","Dublin","Northern Ireland","Departure","Scheduled","Thousand","0"
"Passengers","2023 July","Dublin","Scotland","Arrival","Scheduled","Thousand","63.6"
"Passengers","2023 July","Dublin","Scotland","Departure","Scheduled","Thousand","60.1"
"Passengers","2023 July","Dublin","Wales","Arrival","Scheduled","Thousand","3.9"
"Passengers","2023 July","Dublin","Wales","Departure","Scheduled","Thousand","4"
"Passengers","2023 July","Dublin","Other UK (1)","Arrival","Scheduled","Thousand","3.9"
"Passengers","2023 July","Dublin","Other UK (1)","Departure","Scheduled","Thousand","3.9"
"Passengers","2023 July","Dublin","Iceland","Arrival","Scheduled","Thousand","8.7"
"Passengers","2023 July","Dublin","Iceland","Departure","Scheduled","Thousand","9.3"
"Passengers","2023 July","Dublin","Norway","Arrival","Scheduled","Thousand","5"
"Passengers","2023 July","Dublin","Norway","Departure","Scheduled","Thousand","5.3"
"Passengers","2023 July","Dublin","Russia","Arrival","Scheduled","Thousand","0"
"Passengers","2023 July","Dublin","Russia","Departure","Scheduled","Thousand","0"
"Passengers","2023 July","Dublin","Serbia","Arrival","Scheduled","Thousand","0"
"Passengers","2023 July","Dublin","Serbia","Departure","Scheduled","Thousand","0"
"Passengers","2023 July","Dublin","Switzerland","Arrival","Scheduled","Thousand","23.8"
"Passengers","2023 July","Dublin","Switzerland","Departure","Scheduled","Thousand","21.2"
"Passengers","2023 July","Dublin","Turkiye","Arrival","Scheduled","Thousand","21.7"
"Passengers","2023 July","Dublin","Turkiye","Departure","Scheduled","Thousand","24.1"
"Passengers","2023 July","Dublin","Other Europe (3)","Arrival","Scheduled","Thousand","5"
"Passengers","2023 July","Dublin","Other Europe (3)","Departure","Scheduled","Thousand","6.1"
"Passengers","2023 July","Dublin","Europe (48 Countries)","Arrival","Scheduled","Thousand","1433.6"
"Passengers","2023 July","Dublin","Europe (48 Countries)","Departure","Scheduled","Thousand","1397.3"
"Passengers","2023 July","Dublin","America","Arrival","Scheduled","Thousand","206.7"
"Passengers","2023 July","Dublin","America","Departure","Scheduled","Thousand","237"
"Passengers","2023 July","Dublin","Canada","Arrival","Scheduled","Thousand","33.7"
"Passengers","2023 July","Dublin","Canada","Departure","Scheduled","Thousand","37.2"
"Passengers","2023 July","Dublin","United States","Arrival","Scheduled","Thousand","171.7"
"Passengers","2023 July","Dublin","United States","Departure","Scheduled","Thousand","198.8"
"Passengers","2023 July","Dublin","Other America (5)","Arrival","Scheduled","Thousand","1.3"
"Passengers","2023 July","Dublin","Other America (5)","Departure","Scheduled","Thousand","1"
"Passengers","2023 July","Dublin","Africa (9)","Arrival","Scheduled","Thousand","5.2"
"Passengers","2023 July","Dublin","Africa (9)","Departure","Scheduled","Thousand","6"
"Passengers","2023 July","Dublin","Eygpt","Arrival","Scheduled","Thousand","2.1"
"Passengers","2023 July","Dublin","Eygpt","Departure","Scheduled","Thousand","2.6"
"Passengers","2023 July","Dublin","Morocco","Arrival","Scheduled","Thousand","3.1"
"Passengers","2023 July","Dublin","Morocco","Departure","Scheduled","Thousand","3.4"
"Passengers","2023 July","Dublin","Tunisia","Arrival","Scheduled","Thousand","0"
"Passengers","2023 July","Dublin","Tunisia","Departure","Scheduled","Thousand","0"
"Passengers","2023 July","Dublin","Other Africa (6)","Arrival","Scheduled","Thousand","0"
"Passengers","2023 July","Dublin","Other Africa (6)","Departure","Scheduled","Thousand","0"
"Passengers","2023 July","Dublin","Asia (8)","Arrival","Scheduled","Thousand","50.1"
"Passengers","2023 July","Dublin","Asia (8)","Departure","Scheduled","Thousand","49"
"Passengers","2023 July","Dublin","Bahrain","Arrival","Scheduled","Thousand","0"
"Passengers","2023 July","Dublin","Bahrain","Departure","Scheduled","Thousand","0"
"Passengers","2023 July","Dublin","Israel","Arrival","Scheduled","Thousand","2.1"
"Passengers","2023 July","Dublin","Israel","Departure","Scheduled","Thousand","2"
"Passengers","2023 July","Dublin","United Arab Emirates","Arrival","Scheduled","Thousand","31.4"
"Passengers","2023 July","Dublin","United Arab Emirates","Departure","Scheduled","Thousand","31"
"Passengers","2023 July","Dublin","Other Asian countries (4)","Arrival","Scheduled","Thousand","16.6"
"Passengers","2023 July","Dublin","Other Asian countries (4)","Departure","Scheduled","Thousand","16"
"Passengers","2023 July","Dublin","Oceania and Polar regions (1)","Arrival","Scheduled","Thousand","0"
"Passengers","2023 July","Dublin","Oceania and Polar regions (1)","Departure","Scheduled","Thousand","0"
"Passengers","2023 August","Dublin","All Countries","Arrival","Scheduled","Thousand","1723.9"
"Passengers","2023 August","Dublin","All Countries","Departure","Scheduled","Thousand","1658.3"
"Passengers","2023 August","Dublin","Ireland (domestic)","Arrival","Scheduled","Thousand","8.9"
"Passengers","2023 August","Dublin","Ireland (domestic)","Departure","Scheduled","Thousand","7.3"
"Passengers","2023 August","Dublin","Austria","Arrival","Scheduled","Thousand","9.4"
"Passengers","2023 August","Dublin","Austria","Departure","Scheduled","Thousand","8.7"
"Passengers","2023 August","Dublin","Belgium","Arrival","Scheduled","Thousand","22.2"
"Passengers","2023 August","Dublin","Belgium","Departure","Scheduled","Thousand","22.3"
"Passengers","2023 August","Dublin","Bulgaria","Arrival","Scheduled","Thousand","6.4"
"Passengers","2023 August","Dublin","Bulgaria","Departure","Scheduled","Thousand","6.3"
"Passengers","2023 August","Dublin","Croatia","Arrival","Scheduled","Thousand","21"
"Passengers","2023 August","Dublin","Croatia","Departure","Scheduled","Thousand","19"
"Passengers","2023 August","Dublin","Cyprus","Arrival","Scheduled","Thousand","1.6"
"Passengers","2023 August","Dublin","Cyprus","Departure","Scheduled","Thousand","1.4"
"Passengers","2023 August","Dublin","Czechia","Arrival","Scheduled","Thousand","7.8"
"Passengers","2023 August","Dublin","Czechia","Departure","Scheduled","Thousand","7.6"
"Passengers","2023 August","Dublin","Denmark","Arrival","Scheduled","Thousand","17.7"
"Passengers","2023 August","Dublin","Denmark","Departure","Scheduled","Thousand","16.5"
"Passengers","2023 August","Dublin","Estonia","Arrival","Scheduled","Thousand","0"
"Passengers","2023 August","Dublin","Estonia","Departure","Scheduled","Thousand","0"
"Passengers","2023 August","Dublin","Finland","Arrival","Scheduled","Thousand","4"
"Passengers","2023 August","Dublin","Finland","Departure","Scheduled","Thousand","3.7"
"Passengers","2023 August","Dublin","France","Arrival","Scheduled","Thousand","121.5"
"Passengers","2023 August","Dublin","France","Departure","Scheduled","Thousand","120.5"
"Passengers","2023 August","Dublin","Germany","Arrival","Scheduled","Thousand","99.3"
"Passengers","2023 August","Dublin","Germany","Departure","Scheduled","Thousand","94.7"
"Passengers","2023 August","Dublin","Greece","Arrival","Scheduled","Thousand","23.5"
"Passengers","2023 August","Dublin","Greece","Departure","Scheduled","Thousand","22.2"
"Passengers","2023 August","Dublin","Hungary","Arrival","Scheduled","Thousand","8.6"
"Passengers","2023 August","Dublin","Hungary","Departure","Scheduled","Thousand","8.4"
"Passengers","2023 August","Dublin","Italy","Arrival","Scheduled","Thousand","101.2"
"Passengers","2023 August","Dublin","Italy","Departure","Scheduled","Thousand","96.7"
"Passengers","2023 August","Dublin","Latvia","Arrival","Scheduled","Thousand","6.1"
"Passengers","2023 August","Dublin","Latvia","Departure","Scheduled","Thousand","6"
"Passengers","2023 August","Dublin","Lithuania","Arrival","Scheduled","Thousand","7.9"
"Passengers","2023 August","Dublin","Lithuania","Departure","Scheduled","Thousand","7.8"
"Passengers","2023 August","Dublin","Luxembourg","Arrival","Scheduled","Thousand","4.8"
"Passengers","2023 August","Dublin","Luxembourg","Departure","Scheduled","Thousand","4.7"
"Passengers","2023 August","Dublin","Malta","Arrival","Scheduled","Thousand","3.4"
"Passengers","2023 August","Dublin","Malta","Departure","Scheduled","Thousand","3.3"
"Passengers","2023 August","Dublin","Netherlands","Arrival","Scheduled","Thousand","56"
"Passengers","2023 August","Dublin","Netherlands","Departure","Scheduled","Thousand","56.4"
"Passengers","2023 August","Dublin","Poland","Arrival","Scheduled","Thousand","33.8"
"Passengers","2023 August","Dublin","Poland","Departure","Scheduled","Thousand","33"
"Passengers","2023 August","Dublin","Portugal","Arrival","Scheduled","Thousand","80.1"
"Passengers","2023 August","Dublin","Portugal","Departure","Scheduled","Thousand","71.4"
"Passengers","2023 August","Dublin","Romania","Arrival","Scheduled","Thousand","15"
"Passengers","2023 August","Dublin","Romania","Departure","Scheduled","Thousand","13.3"
"Passengers","2023 August","Dublin","Slovakia","Arrival","Scheduled","Thousand","5"
"Passengers","2023 August","Dublin","Slovakia","Departure","Scheduled","Thousand","4.9"
"Passengers","2023 August","Dublin","Slovenia","Arrival","Scheduled","Thousand","0"
"Passengers","2023 August","Dublin","Slovenia","Departure","Scheduled","Thousand","0"
"Passengers","2023 August","Dublin","Spain","Arrival","Scheduled","Thousand","198.3"
"Passengers","2023 August","Dublin","Spain","Departure","Scheduled","Thousand","184.6"
"Passengers","2023 August","Dublin","Canary Islands","Arrival","Scheduled","Thousand","44.5"
"Passengers","2023 August","Dublin","Canary Islands","Departure","Scheduled","Thousand","41.8"
"Passengers","2023 August","Dublin","Sweden","Arrival","Scheduled","Thousand","11.1"
"Passengers","2023 August","Dublin","Sweden","Departure","Scheduled","Thousand","10.3"
"Passengers","2023 August","Dublin","EU27 excl Ireland 2020","Arrival","Scheduled","Thousand","910.4"
"Passengers","2023 August","Dublin","EU27 excl Ireland 2020","Departure","Scheduled","Thousand","865.5"
"Passengers","2023 August","Dublin","United Kingdom (1)","Arrival","Scheduled","Thousand","461.5"
"Passengers","2023 August","Dublin","United Kingdom (1)","Departure","Scheduled","Thousand","439.6"
"Passengers","2023 August","Dublin","England","Arrival","Scheduled","Thousand","389.6"
"Passengers","2023 August","Dublin","England","Departure","Scheduled","Thousand","372.2"
"Passengers","2023 August","Dublin","Northern Ireland","Arrival","Scheduled","Thousand","0.4"
"Passengers","2023 August","Dublin","Northern Ireland","Departure","Scheduled","Thousand","0"
"Passengers","2023 August","Dublin","Scotland","Arrival","Scheduled","Thousand","63"
"Passengers","2023 August","Dublin","Scotland","Departure","Scheduled","Thousand","58.8"
"Passengers","2023 August","Dublin","Wales","Arrival","Scheduled","Thousand","4.4"
"Passengers","2023 August","Dublin","Wales","Departure","Scheduled","Thousand","4.4"
"Passengers","2023 August","Dublin","Other UK (1)","Arrival","Scheduled","Thousand","4.2"
"Passengers","2023 August","Dublin","Other UK (1)","Departure","Scheduled","Thousand","4.2"
"Passengers","2023 August","Dublin","Iceland","Arrival","Scheduled","Thousand","9.2"
"Passengers","2023 August","Dublin","Iceland","Departure","Scheduled","Thousand","9.5"
"Passengers","2023 August","Dublin","Norway","Arrival","Scheduled","Thousand","6.2"
"Passengers","2023 August","Dublin","Norway","Departure","Scheduled","Thousand","6"
"Passengers","2023 August","Dublin","Russia","Arrival","Scheduled","Thousand","0"
"Passengers","2023 August","Dublin","Russia","Departure","Scheduled","Thousand","0"
"Passengers","2023 August","Dublin","Serbia","Arrival","Scheduled","Thousand","0"
"Passengers","2023 August","Dublin","Serbia","Departure","Scheduled","Thousand","0"
"Passengers","2023 August","Dublin","Switzerland","Arrival","Scheduled","Thousand","22.1"
"Passengers","2023 August","Dublin","Switzerland","Departure","Scheduled","Thousand","22.1"
"Passengers","2023 August","Dublin","Turkiye","Arrival","Scheduled","Thousand","26.6"
"Passengers","2023 August","Dublin","Turkiye","Departure","Scheduled","Thousand","22.8"
"Passengers","2023 August","Dublin","Other Europe (3)","Arrival","Scheduled","Thousand","6.7"
"Passengers","2023 August","Dublin","Other Europe (3)","Departure","Scheduled","Thousand","5.2"
"Passengers","2023 August","Dublin","Europe (48 Countries)","Arrival","Scheduled","Thousand","1451.7"
"Passengers","2023 August","Dublin","Europe (48 Countries)","Departure","Scheduled","Thousand","1378.1"
"Passengers","2023 August","Dublin","America","Arrival","Scheduled","Thousand","214.4"
"Passengers","2023 August","Dublin","America","Departure","Scheduled","Thousand","225.9"
"Passengers","2023 August","Dublin","Canada","Arrival","Scheduled","Thousand","36.1"
"Passengers","2023 August","Dublin","Canada","Departure","Scheduled","Thousand","37.5"
"Passengers","2023 August","Dublin","United States","Arrival","Scheduled","Thousand","178"
"Passengers","2023 August","Dublin","United States","Departure","Scheduled","Thousand","188.4"
"Passengers","2023 August","Dublin","Other America (5)","Arrival","Scheduled","Thousand","0.3"
"Passengers","2023 August","Dublin","Other America (5)","Departure","Scheduled","Thousand","0"
"Passengers","2023 August","Dublin","Africa (9)","Arrival","Scheduled","Thousand","5.9"
"Passengers","2023 August","Dublin","Africa (9)","Departure","Scheduled","Thousand","4.6"
"Passengers","2023 August","Dublin","Eygpt","Arrival","Scheduled","Thousand","2.9"
"Passengers","2023 August","Dublin","Eygpt","Departure","Scheduled","Thousand","1.8"
"Passengers","2023 August","Dublin","Morocco","Arrival","Scheduled","Thousand","3"
"Passengers","2023 August","Dublin","Morocco","Departure","Scheduled","Thousand","2.9"
"Passengers","2023 August","Dublin","Tunisia","Arrival","Scheduled","Thousand","0"
"Passengers","2023 August","Dublin","Tunisia","Departure","Scheduled","Thousand","0"
"Passengers","2023 August","Dublin","Other Africa (6)","Arrival","Scheduled","Thousand","0"
"Passengers","2023 August","Dublin","Other Africa (6)","Departure","Scheduled","Thousand","0"
"Passengers","2023 August","Dublin","Asia (8)","Arrival","Scheduled","Thousand","51.9"
"Passengers","2023 August","Dublin","Asia (8)","Departure","Scheduled","Thousand","49.6"
"Passengers","2023 August","Dublin","Bahrain","Arrival","Scheduled","Thousand","0"
"Passengers","2023 August","Dublin","Bahrain","Departure","Scheduled","Thousand","0"
"Passengers","2023 August","Dublin","Israel","Arrival","Scheduled","Thousand","2.3"
"Passengers","2023 August","Dublin","Israel","Departure","Scheduled","Thousand","2.1"
"Passengers","2023 August","Dublin","United Arab Emirates","Arrival","Scheduled","Thousand","31.9"
"Passengers","2023 August","Dublin","United Arab Emirates","Departure","Scheduled","Thousand","30.7"
"Passengers","2023 August","Dublin","Other Asian countries (4)","Arrival","Scheduled","Thousand","17.8"
"Passengers","2023 August","Dublin","Other Asian countries (4)","Departure","Scheduled","Thousand","16.9"
"Passengers","2023 August","Dublin","Oceania and Polar regions (1)","Arrival","Scheduled","Thousand","0"
"Passengers","2023 August","Dublin","Oceania and Polar regions (1)","Departure","Scheduled","Thousand","0"
"Passengers","2023 September","Dublin","All Countries","Arrival","Scheduled","Thousand","1533.8"
"Passengers","2023 September","Dublin","All Countries","Departure","Scheduled","Thousand","1514.7"
"Passengers","2023 September","Dublin","Ireland (domestic)","Arrival","Scheduled","Thousand","6.9"
"Passengers","2023 September","Dublin","Ireland (domestic)","Departure","Scheduled","Thousand","6.1"
"Passengers","2023 September","Dublin","Austria","Arrival","Scheduled","Thousand","8.7"
"Passengers","2023 September","Dublin","Austria","Departure","Scheduled","Thousand","8.3"
"Passengers","2023 September","Dublin","Belgium","Arrival","Scheduled","Thousand","21.2"
"Passengers","2023 September","Dublin","Belgium","Departure","Scheduled","Thousand","20.7"
"Passengers","2023 September","Dublin","Bulgaria","Arrival","Scheduled","Thousand","6.4"
"Passengers","2023 September","Dublin","Bulgaria","Departure","Scheduled","Thousand","5.3"
"Passengers","2023 September","Dublin","Croatia","Arrival","Scheduled","Thousand","19.2"
"Passengers","2023 September","Dublin","Croatia","Departure","Scheduled","Thousand","16.8"
"Passengers","2023 September","Dublin","Cyprus","Arrival","Scheduled","Thousand","1.7"
"Passengers","2023 September","Dublin","Cyprus","Departure","Scheduled","Thousand","1.7"
"Passengers","2023 September","Dublin","Czechia","Arrival","Scheduled","Thousand","7.6"
"Passengers","2023 September","Dublin","Czechia","Departure","Scheduled","Thousand","7.4"
"Passengers","2023 September","Dublin","Denmark","Arrival","Scheduled","Thousand","15.8"
"Passengers","2023 September","Dublin","Denmark","Departure","Scheduled","Thousand","14.7"
"Passengers","2023 September","Dublin","Estonia","Arrival","Scheduled","Thousand","0"
"Passengers","2023 September","Dublin","Estonia","Departure","Scheduled","Thousand","0"
"Passengers","2023 September","Dublin","Finland","Arrival","Scheduled","Thousand","3.2"
"Passengers","2023 September","Dublin","Finland","Departure","Scheduled","Thousand","2.8"
"Passengers","2023 September","Dublin","France","Arrival","Scheduled","Thousand","110.1"
"Passengers","2023 September","Dublin","France","Departure","Scheduled","Thousand","109.9"
"Passengers","2023 September","Dublin","Germany","Arrival","Scheduled","Thousand","89.3"
"Passengers","2023 September","Dublin","Germany","Departure","Scheduled","Thousand","86.2"
"Passengers","2023 September","Dublin","Greece","Arrival","Scheduled","Thousand","22.3"
"Passengers","2023 September","Dublin","Greece","Departure","Scheduled","Thousand","21"
"Passengers","2023 September","Dublin","Hungary","Arrival","Scheduled","Thousand","8.9"
"Passengers","2023 September","Dublin","Hungary","Departure","Scheduled","Thousand","7.8"
"Passengers","2023 September","Dublin","Italy","Arrival","Scheduled","Thousand","92.6"
"Passengers","2023 September","Dublin","Italy","Departure","Scheduled","Thousand","91.4"
"Passengers","2023 September","Dublin","Latvia","Arrival","Scheduled","Thousand","4.3"
"Passengers","2023 September","Dublin","Latvia","Departure","Scheduled","Thousand","4.1"
"Passengers","2023 September","Dublin","Lithuania","Arrival","Scheduled","Thousand","6.4"
"Passengers","2023 September","Dublin","Lithuania","Departure","Scheduled","Thousand","6.1"
"Passengers","2023 September","Dublin","Luxembourg","Arrival","Scheduled","Thousand","4.3"
"Passengers","2023 September","Dublin","Luxembourg","Departure","Scheduled","Thousand","4.5"
"Passengers","2023 September","Dublin","Malta","Arrival","Scheduled","Thousand","3.1"
"Passengers","2023 September","Dublin","Malta","Departure","Scheduled","Thousand","3"
"Passengers","2023 September","Dublin","Netherlands","Arrival","Scheduled","Thousand","53"
"Passengers","2023 September","Dublin","Netherlands","Departure","Scheduled","Thousand","50.3"
"Passengers","2023 September","Dublin","Poland","Arrival","Scheduled","Thousand","32.3"
"Passengers","2023 September","Dublin","Poland","Departure","Scheduled","Thousand","30"
"Passengers","2023 September","Dublin","Portugal","Arrival","Scheduled","Thousand","72.4"
"Passengers","2023 September","Dublin","Portugal","Departure","Scheduled","Thousand","71.5"
"Passengers","2023 September","Dublin","Romania","Arrival","Scheduled","Thousand","15.5"
"Passengers","2023 September","Dublin","Romania","Departure","Scheduled","Thousand","11.4"
"Passengers","2023 September","Dublin","Slovakia","Arrival","Scheduled","Thousand","3.5"
"Passengers","2023 September","Dublin","Slovakia","Departure","Scheduled","Thousand","3.2"
"Passengers","2023 September","Dublin","Slovenia","Arrival","Scheduled","Thousand","0"
"Passengers","2023 September","Dublin","Slovenia","Departure","Scheduled","Thousand","0"
"Passengers","2023 September","Dublin","Spain","Arrival","Scheduled","Thousand","175.1"
"Passengers","2023 September","Dublin","Spain","Departure","Scheduled","Thousand","174.8"
"Passengers","2023 September","Dublin","Canary Islands","Arrival","Scheduled","Thousand","42.3"
"Passengers","2023 September","Dublin","Canary Islands","Departure","Scheduled","Thousand","42.3"
"Passengers","2023 September","Dublin","Sweden","Arrival","Scheduled","Thousand","10.3"
"Passengers","2023 September","Dublin","Sweden","Departure","Scheduled","Thousand","8.2"
"Passengers","2023 September","Dublin","EU27 excl Ireland 2020","Arrival","Scheduled","Thousand","829.3"
"Passengers","2023 September","Dublin","EU27 excl Ireland 2020","Departure","Scheduled","Thousand","803.3"
"Passengers","2023 September","Dublin","United Kingdom (1)","Arrival","Scheduled","Thousand","374.1"
"Passengers","2023 September","Dublin","United Kingdom (1)","Departure","Scheduled","Thousand","394.3"
"Passengers","2023 September","Dublin","England","Arrival","Scheduled","Thousand","313.4"
"Passengers","2023 September","Dublin","England","Departure","Scheduled","Thousand","334.3"
"Passengers","2023 September","Dublin","Northern Ireland","Arrival","Scheduled","Thousand","0.3"
"Passengers","2023 September","Dublin","Northern Ireland","Departure","Scheduled","Thousand","0"
"Passengers","2023 September","Dublin","Scotland","Arrival","Scheduled","Thousand","54.4"
"Passengers","2023 September","Dublin","Scotland","Departure","Scheduled","Thousand","53.5"
"Passengers","2023 September","Dublin","Wales","Arrival","Scheduled","Thousand","3.2"
"Passengers","2023 September","Dublin","Wales","Departure","Scheduled","Thousand","3.4"
"Passengers","2023 September","Dublin","Other UK (1)","Arrival","Scheduled","Thousand","2.7"
"Passengers","2023 September","Dublin","Other UK (1)","Departure","Scheduled","Thousand","3.1"
"Passengers","2023 September","Dublin","Iceland","Arrival","Scheduled","Thousand","8.1"
"Passengers","2023 September","Dublin","Iceland","Departure","Scheduled","Thousand","7.8"
"Passengers","2023 September","Dublin","Norway","Arrival","Scheduled","Thousand","6.3"
"Passengers","2023 September","Dublin","Norway","Departure","Scheduled","Thousand","5.8"
"Passengers","2023 September","Dublin","Russia","Arrival","Scheduled","Thousand","0"
"Passengers","2023 September","Dublin","Russia","Departure","Scheduled","Thousand","0"
"Passengers","2023 September","Dublin","Serbia","Arrival","Scheduled","Thousand","0"
"Passengers","2023 September","Dublin","Serbia","Departure","Scheduled","Thousand","0"
"Passengers","2023 September","Dublin","Switzerland","Arrival","Scheduled","Thousand","20"
"Passengers","2023 September","Dublin","Switzerland","Departure","Scheduled","Thousand","18.2"
"Passengers","2023 September","Dublin","Turkiye","Arrival","Scheduled","Thousand","24.3"
"Passengers","2023 September","Dublin","Turkiye","Departure","Scheduled","Thousand","20.8"
"Passengers","2023 September","Dublin","Other Europe (3)","Arrival","Scheduled","Thousand","6.2"
"Passengers","2023 September","Dublin","Other Europe (3)","Departure","Scheduled","Thousand","4.2"
"Passengers","2023 September","Dublin","Europe (48 Countries)","Arrival","Scheduled","Thousand","1275.2"
"Passengers","2023 September","Dublin","Europe (48 Countries)","Departure","Scheduled","Thousand","1260.5"
"Passengers","2023 September","Dublin","America","Arrival","Scheduled","Thousand","206.6"
"Passengers","2023 September","Dublin","America","Departure","Scheduled","Thousand","207.5"
"Passengers","2023 September","Dublin","Canada","Arrival","Scheduled","Thousand","34.8"
"Passengers","2023 September","Dublin","Canada","Departure","Scheduled","Thousand","34.4"
"Passengers","2023 September","Dublin","United States","Arrival","Scheduled","Thousand","171.8"
"Passengers","2023 September","Dublin","United States","Departure","Scheduled","Thousand","173"
"Passengers","2023 September","Dublin","Other America (5)","Arrival","Scheduled","Thousand","0"
"Passengers","2023 September","Dublin","Other America (5)","Departure","Scheduled","Thousand","0"
"Passengers","2023 September","Dublin","Africa (9)","Arrival","Scheduled","Thousand","5.2"
"Passengers","2023 September","Dublin","Africa (9)","Departure","Scheduled","Thousand","4.3"
"Passengers","2023 September","Dublin","Eygpt","Arrival","Scheduled","Thousand","2.2"
"Passengers","2023 September","Dublin","Eygpt","Departure","Scheduled","Thousand","1.6"
"Passengers","2023 September","Dublin","Morocco","Arrival","Scheduled","Thousand","3"
"Passengers","2023 September","Dublin","Morocco","Departure","Scheduled","Thousand","2.7"
"Passengers","2023 September","Dublin","Tunisia","Arrival","Scheduled","Thousand","0"
"Passengers","2023 September","Dublin","Tunisia","Departure","Scheduled","Thousand","0"
"Passengers","2023 September","Dublin","Other Africa (6)","Arrival","Scheduled","Thousand","0"
"Passengers","2023 September","Dublin","Other Africa (6)","Departure","Scheduled","Thousand","0"
"Passengers","2023 September","Dublin","Asia (8)","Arrival","Scheduled","Thousand","46.9"
"Passengers","2023 September","Dublin","Asia (8)","Departure","Scheduled","Thousand","42.5"
"Passengers","2023 September","Dublin","Bahrain","Arrival","Scheduled","Thousand","0"
"Passengers","2023 September","Dublin","Bahrain","Departure","Scheduled","Thousand","0"
"Passengers","2023 September","Dublin","Israel","Arrival","Scheduled","Thousand","1.4"
"Passengers","2023 September","Dublin","Israel","Departure","Scheduled","Thousand","1.4"
"Passengers","2023 September","Dublin","United Arab Emirates","Arrival","Scheduled","Thousand","29.1"
"Passengers","2023 September","Dublin","United Arab Emirates","Departure","Scheduled","Thousand","26.3"
"Passengers","2023 September","Dublin","Other Asian countries (4)","Arrival","Scheduled","Thousand","16.4"
"Passengers","2023 September","Dublin","Other Asian countries (4)","Departure","Scheduled","Thousand","14.8"
"Passengers","2023 September","Dublin","Oceania and Polar regions (1)","Arrival","Scheduled","Thousand","0"
"Passengers","2023 September","Dublin","Oceania and Polar regions (1)","Departure","Scheduled","Thousand","0"
